<?xml version = '1.0' encoding = 'UTF-8'?>
<Diagram class="oracle.dbtools.crest.swingui.relational.DPVRelational" name="Relational_1" id="B29B91A6-F153-7745-8EF8-67F3716EB1F4">
<createdBy>Administrator</createdBy>
<modifiedBy>Administrator</modifiedBy>
<createdTime>2017-09-03 00:32:29 UTC</createdTime>
<autoRoute>false</autoRoute>
<boxInbox>true</boxInbox>
<showLegend>false</showLegend>
<showLabels>false</showLabels>
<showRelAttributes>false</showRelAttributes>
<gridEnabled>false</gridEnabled>
<showGrid>false</showGrid>
<diagramColor>-1</diagramColor>
<display>false</display>
<notation>1</notation>
<objectViews>
<OView class="oracle.dbtools.crest.swingui.relational.TVTable" oid="02D99DB6-6432-2698-B0FC-D8CCC81FCE0E" otype="Table" vid="EC41C807-50F1-1083-93E4-D07FCDEC864B">
<hideElementsInCurrentOnly>false</hideElementsInCurrentOnly>
<bounds x="337" y="159" width="170" height="110"/>
</OView>
<OView class="oracle.dbtools.crest.swingui.relational.TVTable" oid="0FC84620-AE8B-E527-683C-000E7E247FEC" otype="Table" vid="FC1A305F-B6F2-57E1-B65F-201617986AA1">
<hideElementsInCurrentOnly>false</hideElementsInCurrentOnly>
<bounds x="647" y="168" width="170" height="110"/>
</OView>
<OView class="oracle.dbtools.crest.swingui.relational.TVTable" oid="4CB7A5E4-9EFE-779E-0B7C-8FCC22724959" otype="Table" vid="F2F26AB2-746E-9860-163A-7EB704B0088A">
<hideElementsInCurrentOnly>false</hideElementsInCurrentOnly>
<bounds x="81" y="372" width="170" height="110"/>
</OView>
<OView class="oracle.dbtools.crest.swingui.relational.TVTable" oid="50BC3DE8-2B99-87E6-54A7-F94DABBAB4AB" otype="Table" vid="63AA3047-22C5-9E88-8CC4-4C36C1F2E879">
<hideElementsInCurrentOnly>false</hideElementsInCurrentOnly>
<bounds x="899" y="356" width="170" height="110"/>
</OView>
<OView class="oracle.dbtools.crest.swingui.relational.TVTable" oid="5CB9BAE5-260F-39E8-0F9E-6162A26D234F" otype="Table" vid="630AC07D-A48A-1200-36BE-3EF9767D70C0">
<hideElementsInCurrentOnly>false</hideElementsInCurrentOnly>
<bounds x="647" y="361" width="170" height="110"/>
</OView>
<OView class="oracle.dbtools.crest.swingui.relational.TVTable" oid="B4A1E2D7-2322-463F-95D7-C5C312B19D8E" otype="Table" vid="C62FACC0-C45B-A7D7-5097-0AC2F67726BE">
<hideElementsInCurrentOnly>false</hideElementsInCurrentOnly>
<bounds x="897" y="161" width="170" height="110"/>
</OView>
<OView class="oracle.dbtools.crest.swingui.relational.TVTable" oid="BA0E95B8-8C19-1B65-AC89-D607CD017F11" otype="Table" vid="73B5AF8C-57F8-F019-35AE-8D604E0C2ACA">
<hideElementsInCurrentOnly>false</hideElementsInCurrentOnly>
<bounds x="653" y="521" width="170" height="110"/>
</OView>
<OView class="oracle.dbtools.crest.swingui.relational.TVTable" oid="E4B1B1DC-BE59-F6B6-3E38-CD88045FBA8A" otype="Table" vid="A452F537-D5E3-3F48-3AC6-F2B041F53455">
<hideElementsInCurrentOnly>false</hideElementsInCurrentOnly>
<bounds x="338" y="329" width="194" height="293"/>
</OView>
</objectViews>
<connectors>
<Connector class="oracle.dbtools.crest.swingui.relational.TVFKRelation" oid="18115796-5882-8445-66E9-88FBC635F137" otype="FKIndexAssociation" vid_source="EC41C807-50F1-1083-93E4-D07FCDEC864B" vid_target="F2F26AB2-746E-9860-163A-7EB704B0088A">
<hideElementsInCurrentOnly>false</hideElementsInCurrentOnly>
<lineWidth>1</lineWidth>
<points>
<point x="355" y="269"/>
<point x="232" y="372"/>
</points>
</Connector>
<Connector class="oracle.dbtools.crest.swingui.relational.TVFKRelation" oid="33721EB4-E5C8-4188-4A4D-040201DF21B0" otype="FKIndexAssociation" vid_source="C62FACC0-C45B-A7D7-5097-0AC2F67726BE" vid_target="63AA3047-22C5-9E88-8CC4-4C36C1F2E879">
<hideElementsInCurrentOnly>false</hideElementsInCurrentOnly>
<lineWidth>1</lineWidth>
<points>
<point x="983" y="271"/>
<point x="983" y="356"/>
</points>
</Connector>
<Connector class="oracle.dbtools.crest.swingui.relational.TVFKRelation" oid="5DE80DA4-EE04-08E8-AB29-72D39CF7F471" otype="FKIndexAssociation" vid_source="73B5AF8C-57F8-F019-35AE-8D604E0C2ACA" vid_target="630AC07D-A48A-1200-36BE-3EF9767D70C0">
<hideElementsInCurrentOnly>false</hideElementsInCurrentOnly>
<lineWidth>1</lineWidth>
<points>
<point x="745" y="521"/>
<point x="745" y="471"/>
</points>
</Connector>
<Connector class="oracle.dbtools.crest.swingui.relational.TVFKRelation" oid="63ADFF9F-2847-20FC-3983-990E9B50CA1C" otype="FKIndexAssociation" vid_source="EC41C807-50F1-1083-93E4-D07FCDEC864B" vid_target="FC1A305F-B6F2-57E1-B65F-201617986AA1">
<hideElementsInCurrentOnly>false</hideElementsInCurrentOnly>
<lineWidth>1</lineWidth>
<points>
<point x="507" y="218"/>
<point x="647" y="218"/>
</points>
</Connector>
<Connector class="oracle.dbtools.crest.swingui.relational.TVFKRelation" oid="716C5772-77F3-ED6A-C175-D5AC8270B6C2" otype="FKIndexAssociation" vid_source="A452F537-D5E3-3F48-3AC6-F2B041F53455" vid_target="630AC07D-A48A-1200-36BE-3EF9767D70C0">
<hideElementsInCurrentOnly>false</hideElementsInCurrentOnly>
<lineWidth>1</lineWidth>
<points>
<point x="532" y="416"/>
<point x="647" y="416"/>
</points>
</Connector>
<Connector class="oracle.dbtools.crest.swingui.relational.TVFKRelation" oid="9CB243D7-2257-AEED-82F7-69715810BFFF" otype="FKIndexAssociation" vid_source="F2F26AB2-746E-9860-163A-7EB704B0088A" vid_target="A452F537-D5E3-3F48-3AC6-F2B041F53455">
<hideElementsInCurrentOnly>false</hideElementsInCurrentOnly>
<lineWidth>1</lineWidth>
<points>
<point x="251" y="437"/>
<point x="338" y="437"/>
</points>
</Connector>
<Connector class="oracle.dbtools.crest.swingui.relational.TVFKRelation" oid="B8ED8DAA-63D4-1EBB-E99E-E7B862B62CDD" otype="FKIndexAssociation" vid_source="630AC07D-A48A-1200-36BE-3EF9767D70C0" vid_target="63AA3047-22C5-9E88-8CC4-4C36C1F2E879">
<hideElementsInCurrentOnly>false</hideElementsInCurrentOnly>
<lineWidth>1</lineWidth>
<points>
<point x="817" y="423"/>
<point x="899" y="423"/>
</points>
</Connector>
</connectors>
</Diagram>