<?xml version = '1.0' encoding = 'UTF-8'?>
<Table class="oracle.dbtools.crest.model.design.relational.Table" directorySegmentName="seg_0" id="02D99DB6-6432-2698-B0FC-D8CCC81FCE0E" name="CARNIVAL">
<createdBy>Administrator</createdBy>
<createdTime>2017-09-03 00:32:29 UTC</createdTime>
<generatorID>0FEDA0C5-E32D-7EC6-D303-2C1E82D3AA0A</generatorID>
<ownerDesignName>work</ownerDesignName>
<allowColumnReorder>false</allowColumnReorder>
<existDependencyGenerateInDDl>true</existDependencyGenerateInDDl>
<parsed>true</parsed>
<columns itemClass="oracle.dbtools.crest.model.design.relational.Column">
<Column name="date" id="BA6E5C8C-9C9C-E2AC-4F83-5D5B7F9D8F1C">
<createdBy>Administrator</createdBy>
<createdTime>2017-09-03 00:32:29 UTC</createdTime>
<comment>carnival date</comment>
<generatorID>84E75DEA-B593-1BFC-15FB-F446B2FD81D3</generatorID>
<ownerDesignName>work</ownerDesignName>
<useDomainConstraints>false</useDomainConstraints>
<use>1</use>
<logicalDatatype>LOGDT008</logicalDatatype>
<ownDataTypeParameters>,,</ownDataTypeParameters>
<autoIncrementCycle>false</autoIncrementCycle>
</Column>
<Column name="director" id="D4488C70-5CB3-899D-7E98-F22506B48082">
<createdBy>Administrator</createdBy>
<createdTime>2017-09-03 00:32:29 UTC</createdTime>
<comment>carnival director</comment>
<generatorID>CA3409E7-D117-C6AE-5D8C-1BBEE4802FCE</generatorID>
<ownerDesignName>work</ownerDesignName>
<useDomainConstraints>false</useDomainConstraints>
<use>1</use>
<logicalDatatype>LOGDT024</logicalDatatype>
<dataTypeSize>20 CHAR</dataTypeSize>
<ownDataTypeParameters>20 CHAR,,</ownDataTypeParameters>
<autoIncrementCycle>false</autoIncrementCycle>
</Column>
<Column name="location" id="03187055-5EA5-D739-7751-8A5C34D4A230">
<createdBy>Administrator</createdBy>
<createdTime>2017-09-03 00:32:29 UTC</createdTime>
<comment>carnival location</comment>
<generatorID>A97DE8B6-C2F4-E09F-AAFA-792E224D4C69</generatorID>
<ownerDesignName>work</ownerDesignName>
<useDomainConstraints>false</useDomainConstraints>
<use>3</use>
<structuredType>47E390DE-0671-C4B1-8428-0F45CBEE18F8</structuredType>
<ownDataTypeParameters>,,</ownDataTypeParameters>
<autoIncrementCycle>false</autoIncrementCycle>
</Column>
<Column name="event" id="A5F46D8B-8EFB-5FE0-9BB5-1763E7D3DEC5">
<createdBy>Administrator</createdBy>
<createdTime>2017-09-03 00:32:29 UTC</createdTime>
<comment>carnival event</comment>
<generatorID>5B4D4A7D-A5FC-6D52-51A9-52BA1EBC3576</generatorID>
<ownerDesignName>work</ownerDesignName>
<useDomainConstraints>false</useDomainConstraints>
<use>3</use>
<structuredType>47E390DE-0671-C4B1-8428-0F45CBEE18F8</structuredType>
<ownDataTypeParameters>,,</ownDataTypeParameters>
<autoIncrementCycle>false</autoIncrementCycle>
</Column>
</columns>
<indexes itemClass="oracle.dbtools.crest.model.design.relational.Index">
<ind_PK_UK id="A02F0675-C074-95D5-7C22-3C850ACBA70A" name="CARNIVAL_PK">
<createdBy>Administrator</createdBy>
<createdTime>2017-09-03 00:32:29 UTC</createdTime>
<generatorID>8D66861E-E5D4-7413-2D0F-30C241234BC7</generatorID>
<ownerDesignName>work</ownerDesignName>
<pk>true</pk>
<indexState>Primary Constraint</indexState>
<isSurrogateKey>false</isSurrogateKey>
<indexColumnUsage>
<colUsage columnID="BA6E5C8C-9C9C-E2AC-4F83-5D5B7F9D8F1C"/>
</indexColumnUsage>
</ind_PK_UK>
</indexes>
</Table>