<?xml version = '1.0' encoding = 'UTF-8'?>
<Table class="oracle.dbtools.crest.model.design.relational.Table" directorySegmentName="seg_0" id="0FC84620-AE8B-E527-683C-000E7E247FEC" name="SPONSOR">
<createdBy>Administrator</createdBy>
<createdTime>2017-09-03 00:32:30 UTC</createdTime>
<generatorID>D7E8AD1D-279D-A043-CAC6-441877EA3789</generatorID>
<ownerDesignName>work</ownerDesignName>
<allowColumnReorder>false</allowColumnReorder>
<existDependencyGenerateInDDl>true</existDependencyGenerateInDDl>
<parsed>true</parsed>
<columns itemClass="oracle.dbtools.crest.model.design.relational.Column">
<Column name="sponsorname" id="0D44E3C8-4FAE-5069-4ABB-8B8A1F136C2A">
<createdBy>Administrator</createdBy>
<createdTime>2017-09-03 00:32:30 UTC</createdTime>
<comment>sponsor name</comment>
<generatorID>33995D1A-EA1A-0945-B5FC-ABD77C8846F2</generatorID>
<ownerDesignName>work</ownerDesignName>
<useDomainConstraints>false</useDomainConstraints>
<use>1</use>
<logicalDatatype>LOGDT024</logicalDatatype>
<dataTypeSize>20 CHAR</dataTypeSize>
<ownDataTypeParameters>20 CHAR,,</ownDataTypeParameters>
<autoIncrementCycle>false</autoIncrementCycle>
</Column>
<Column name="isNaming" id="ED5A70FA-0294-0B03-AFB3-925E1C8AFD8B">
<createdBy>Administrator</createdBy>
<createdTime>2017-09-03 00:32:30 UTC</createdTime>
<comment>Naming Sponsor </comment>
<generatorID>0B08F65F-CBB0-99B2-B9E6-163387395B06</generatorID>
<ownerDesignName>work</ownerDesignName>
<useDomainConstraints>false</useDomainConstraints>
<use>1</use>
<logicalDatatype>LOGDT006</logicalDatatype>
<dataTypeSize>1 BYTE</dataTypeSize>
<ownDataTypeParameters>1 BYTE,,</ownDataTypeParameters>
<autoIncrementCycle>false</autoIncrementCycle>
</Column>
<Column name="sponsoramount" id="01FBF11B-5388-155A-C308-AA37FB8234E2">
<createdBy>Administrator</createdBy>
<createdTime>2017-09-03 00:32:30 UTC</createdTime>
<comment>Amount of Sponsorship</comment>
<generatorID>6893D645-F96C-D8B5-FFE0-72C4D853FBEC</generatorID>
<ownerDesignName>work</ownerDesignName>
<useDomainConstraints>false</useDomainConstraints>
<use>1</use>
<logicalDatatype>LOGDT021</logicalDatatype>
<dataTypeScale>2</dataTypeScale>
<ownDataTypeParameters>,,2</ownDataTypeParameters>
<autoIncrementCycle>false</autoIncrementCycle>
</Column>
<Column name="sponsoracontact" id="3AA88D29-839B-55A5-4699-488732CE8FD0">
<createdBy>Administrator</createdBy>
<createdTime>2017-09-03 00:32:30 UTC</createdTime>
<comment>Sponsor Contact </comment>
<generatorID>66C5648A-3D05-9D22-1D00-2C369CD4B638</generatorID>
<ownerDesignName>work</ownerDesignName>
<useDomainConstraints>false</useDomainConstraints>
<use>1</use>
<logicalDatatype>LOGDT024</logicalDatatype>
<dataTypeSize>30 CHAR</dataTypeSize>
<ownDataTypeParameters>30 CHAR,,</ownDataTypeParameters>
<autoIncrementCycle>false</autoIncrementCycle>
</Column>
<Column name="sponsorphone" id="E49AB1C3-1D51-BB92-9089-132E32EBFFE5">
<createdBy>Administrator</createdBy>
<createdTime>2017-09-03 00:32:30 UTC</createdTime>
<comment>Sponsor Phone Contact </comment>
<generatorID>307E2866-A917-D45E-E6FD-287B2CE24FFC</generatorID>
<ownerDesignName>work</ownerDesignName>
<useDomainConstraints>false</useDomainConstraints>
<use>1</use>
<logicalDatatype>LOGDT024</logicalDatatype>
<dataTypeSize>20 CHAR</dataTypeSize>
<ownDataTypeParameters>20 CHAR,,</ownDataTypeParameters>
<autoIncrementCycle>false</autoIncrementCycle>
</Column>
<Column name="CARNIVAL_date" id="CDBC15C1-F925-AF7B-E934-AF1D76C0C766">
<createdBy>Administrator</createdBy>
<createdTime>2017-09-03 00:32:30 UTC</createdTime>
<comment>carnival date</comment>
<generatorID>15F4EA9A-73E1-BC8E-D4F3-AC658B018C4E</generatorID>
<ownerDesignName>work</ownerDesignName>
<useDomainConstraints>false</useDomainConstraints>
<use>1</use>
<logicalDatatype>LOGDT008</logicalDatatype>
<ownDataTypeParameters>,,</ownDataTypeParameters>
<previousColumn>false</previousColumn>
<autoIncrementCycle>false</autoIncrementCycle>
<associations>
<colAssociation fkAssociation="63ADFF9F-2847-20FC-3983-990E9B50CA1C" referredColumn="BA6E5C8C-9C9C-E2AC-4F83-5D5B7F9D8F1C"/>
</associations>
</Column>
</columns>
<indexes itemClass="oracle.dbtools.crest.model.design.relational.Index">
<ind_PK_UK id="D49DE781-DE65-43C9-5CF5-EAECFBD47A03" name="SPONSOR_PK">
<createdBy>Administrator</createdBy>
<createdTime>2017-09-03 00:32:30 UTC</createdTime>
<generatorID>CE88CB6B-EA7F-FEF4-7098-7E306C3B2930</generatorID>
<ownerDesignName>work</ownerDesignName>
<pk>true</pk>
<indexState>Primary Constraint</indexState>
<isSurrogateKey>false</isSurrogateKey>
<indexColumnUsage>
<colUsage columnID="0D44E3C8-4FAE-5069-4ABB-8B8A1F136C2A"/>
</indexColumnUsage>
</ind_PK_UK>
<ind_PK_UK id="84F39F54-8F4C-93F6-EC51-918CEBF01B14" name="SPONSOR_CARNIVAL_FK">
<createdBy>Administrator</createdBy>
<createdTime>2017-09-03 00:32:30 UTC</createdTime>
<generatorID>99E462B7-31A9-20AC-C30C-CFB044E9E8F3</generatorID>
<ownerDesignName>work</ownerDesignName>
<indexState>Foreign Key</indexState>
<isSurrogateKey>false</isSurrogateKey>
<indexColumnUsage>
<colUsage columnID="CDBC15C1-F925-AF7B-E934-AF1D76C0C766"/>
</indexColumnUsage>
</ind_PK_UK>
</indexes>
</Table>