<?xml version = '1.0' encoding = 'UTF-8'?>
<Table class="oracle.dbtools.crest.model.design.relational.Table" directorySegmentName="seg_0" id="4CB7A5E4-9EFE-779E-0B7C-8FCC22724959" name="ENTRY">
<createdBy>Administrator</createdBy>
<createdTime>2017-09-03 00:32:30 UTC</createdTime>
<generatorID>12DD2FC6-A9E6-6083-7892-FBB4AC29BBDB</generatorID>
<ownerDesignName>work</ownerDesignName>
<allowColumnReorder>false</allowColumnReorder>
<existDependencyGenerateInDDl>true</existDependencyGenerateInDDl>
<parsed>true</parsed>
<columns itemClass="oracle.dbtools.crest.model.design.relational.Column">
<Column name="enumber" id="5BEE48D6-9965-502C-045E-B20841A62FCF">
<createdBy>Administrator</createdBy>
<createdTime>2017-09-03 00:32:30 UTC</createdTime>
<comment>entry number</comment>
<generatorID>F16B3D71-CB58-D7EC-9753-30F326C74982</generatorID>
<ownerDesignName>work</ownerDesignName>
<useDomainConstraints>false</useDomainConstraints>
<use>1</use>
<logicalDatatype>LOGDT024</logicalDatatype>
<dataTypeSize>10 CHAR</dataTypeSize>
<ownDataTypeParameters>10 CHAR,,</ownDataTypeParameters>
<autoIncrementCycle>false</autoIncrementCycle>
</Column>
<Column name="event" id="E4AAE548-BA0C-79B5-83BA-2DC2D9CF8B8E">
<createdBy>Administrator</createdBy>
<createdTime>2017-09-03 00:32:30 UTC</createdTime>
<comment>event name</comment>
<generatorID>F3CD5321-58F4-CD24-978C-BCF6802346AB</generatorID>
<ownerDesignName>work</ownerDesignName>
<useDomainConstraints>false</useDomainConstraints>
<use>1</use>
<structuredType>47E390DE-0671-C4B1-8428-0F45CBEE18F8</structuredType>
<logicalDatatype>LOGDT024</logicalDatatype>
<dataTypeSize>20 CHAR</dataTypeSize>
<ownDataTypeParameters>20 CHAR,,</ownDataTypeParameters>
<autoIncrementCycle>false</autoIncrementCycle>
</Column>
<Column name="teamname" id="23E511CA-9FFF-F101-ECDD-D6778498DC06">
<createdBy>Administrator</createdBy>
<createdTime>2017-09-03 00:32:30 UTC</createdTime>
<generatorID>2B0F54C4-1A44-119C-F5D9-C18EAEBB6CE8</generatorID>
<ownerDesignName>work</ownerDesignName>
<nullsAllowed>true</nullsAllowed>
<useDomainConstraints>false</useDomainConstraints>
<use>1</use>
<logicalDatatype>LOGDT024</logicalDatatype>
<dataTypeSize>20 CHAR</dataTypeSize>
<ownDataTypeParameters>20 CHAR,,</ownDataTypeParameters>
<autoIncrementCycle>false</autoIncrementCycle>
</Column>
<Column name="CARNIVAL_date" id="CC8B6480-E9D4-0AB3-EC6D-B7161132DA45">
<createdBy>Administrator</createdBy>
<createdTime>2017-09-03 00:32:30 UTC</createdTime>
<comment>carnival date</comment>
<generatorID>DE68EFFB-9484-FC38-8700-8EC25F7A1C47</generatorID>
<ownerDesignName>work</ownerDesignName>
<useDomainConstraints>false</useDomainConstraints>
<use>1</use>
<logicalDatatype>LOGDT008</logicalDatatype>
<ownDataTypeParameters>,,</ownDataTypeParameters>
<previousColumn>false</previousColumn>
<autoIncrementCycle>false</autoIncrementCycle>
<associations>
<colAssociation fkAssociation="18115796-5882-8445-66E9-88FBC635F137" referredColumn="BA6E5C8C-9C9C-E2AC-4F83-5D5B7F9D8F1C"/>
</associations>
</Column>
</columns>
<indexes itemClass="oracle.dbtools.crest.model.design.relational.Index">
<ind_PK_UK id="7C951CED-16FC-2CFA-E68A-54E6A2005CD6" name="ENTRY_PK">
<createdBy>Administrator</createdBy>
<createdTime>2017-09-03 00:32:30 UTC</createdTime>
<generatorID>D2ACF810-4223-5507-4CFB-478865D939D5</generatorID>
<ownerDesignName>work</ownerDesignName>
<pk>true</pk>
<indexState>Primary Constraint</indexState>
<isSurrogateKey>false</isSurrogateKey>
<indexColumnUsage>
<colUsage columnID="5BEE48D6-9965-502C-045E-B20841A62FCF"/>
</indexColumnUsage>
</ind_PK_UK>
<ind_PK_UK id="1299BE61-ECA1-39B5-7894-94086283E6D3" name="ENTRY_CARNIVAL_FK">
<createdBy>Administrator</createdBy>
<createdTime>2017-09-03 00:32:30 UTC</createdTime>
<generatorID>2CF1C801-B41F-2E70-3443-A033D367F053</generatorID>
<ownerDesignName>work</ownerDesignName>
<indexState>Foreign Key</indexState>
<isSurrogateKey>false</isSurrogateKey>
<indexColumnUsage>
<colUsage columnID="CC8B6480-E9D4-0AB3-EC6D-B7161132DA45"/>
</indexColumnUsage>
</ind_PK_UK>
</indexes>
</Table>