<?xml version = '1.0' encoding = 'UTF-8'?>
<Table class="oracle.dbtools.crest.model.design.relational.Table" directorySegmentName="seg_0" id="50BC3DE8-2B99-87E6-54A7-F94DABBAB4AB" name="MERCHANDIISE">
<createdBy>Administrator</createdBy>
<createdTime>2017-09-03 00:32:30 UTC</createdTime>
<generatorID>6EFB84FB-F06C-0246-6B13-D6F2DF3674F4</generatorID>
<ownerDesignName>work</ownerDesignName>
<allowColumnReorder>false</allowColumnReorder>
<existDependencyGenerateInDDl>true</existDependencyGenerateInDDl>
<parsed>true</parsed>
<columns itemClass="oracle.dbtools.crest.model.design.relational.Column">
<Column name="itemcode" id="28E936C9-2BD3-A279-EE24-A9DEAE0F1B58">
<createdBy>Administrator</createdBy>
<createdTime>2017-09-03 00:32:30 UTC</createdTime>
<comment>item code of the merchandise</comment>
<generatorID>2C8950AB-6CED-1F9F-F1B9-CBC237677E91</generatorID>
<ownerDesignName>work</ownerDesignName>
<useDomainConstraints>false</useDomainConstraints>
<use>1</use>
<logicalDatatype>LOGDT024</logicalDatatype>
<dataTypeSize>20 CHAR</dataTypeSize>
<ownDataTypeParameters>20 CHAR,,</ownDataTypeParameters>
<autoIncrementCycle>false</autoIncrementCycle>
</Column>
<Column name="qtn" id="964A489A-E4EF-4FBF-4398-8021A8F70A48">
<createdBy>Administrator</createdBy>
<createdTime>2017-09-03 00:32:30 UTC</createdTime>
<comment>quantity of the item</comment>
<generatorID>1D9A1576-9FB2-57AF-B7B9-AD3E567662FE</generatorID>
<ownerDesignName>work</ownerDesignName>
<useDomainConstraints>false</useDomainConstraints>
<use>1</use>
<logicalDatatype>LOGDT011</logicalDatatype>
<ownDataTypeParameters>,,</ownDataTypeParameters>
<autoIncrementCycle>false</autoIncrementCycle>
</Column>
<Column name="linecost" id="61394D8C-E8FD-07E0-F0AB-E3357023D8ED">
<createdBy>Administrator</createdBy>
<createdTime>2017-09-03 00:32:30 UTC</createdTime>
<comment>line cost of the item</comment>
<generatorID>D69316EB-2560-EFB6-1301-5914D59DA8BB</generatorID>
<ownerDesignName>work</ownerDesignName>
<useDomainConstraints>false</useDomainConstraints>
<use>1</use>
<logicalDatatype>LOGDT021</logicalDatatype>
<dataTypeScale>2</dataTypeScale>
<ownDataTypeParameters>,,2</ownDataTypeParameters>
<autoIncrementCycle>false</autoIncrementCycle>
</Column>
<Column name="ORDER_ordernumber" id="B09FA08F-2C79-6CF7-1393-27A1A60DB4C1">
<createdBy>Administrator</createdBy>
<createdTime>2017-09-03 00:32:30 UTC</createdTime>
<comment>order number</comment>
<generatorID>BF143A87-58D6-F09B-5ABC-67FBC01AD14F</generatorID>
<ownerDesignName>work</ownerDesignName>
<useDomainConstraints>false</useDomainConstraints>
<use>1</use>
<logicalDatatype>LOGDT024</logicalDatatype>
<dataTypeSize>8 CHAR</dataTypeSize>
<ownDataTypeParameters>,,</ownDataTypeParameters>
<previousColumn>false</previousColumn>
<autoIncrementCycle>false</autoIncrementCycle>
<associations>
<colAssociation fkAssociation="B8ED8DAA-63D4-1EBB-E99E-E7B862B62CDD" referredColumn="FE5D1C8D-A58A-F4CD-B922-2488A7DFF2CF"/>
</associations>
</Column>
<Column name="ITEM_itemcode" id="41CA3160-8CF9-D5E1-8FC0-7FE856B089F3">
<createdBy>Administrator</createdBy>
<createdTime>2017-09-03 00:32:30 UTC</createdTime>
<comment>the item code</comment>
<generatorID>48CF0ED5-D0ED-7ECE-47A1-FD03D13A9187</generatorID>
<ownerDesignName>work</ownerDesignName>
<useDomainConstraints>false</useDomainConstraints>
<use>1</use>
<logicalDatatype>LOGDT024</logicalDatatype>
<dataTypeSize>20 CHAR</dataTypeSize>
<ownDataTypeParameters>,,</ownDataTypeParameters>
<previousColumn>false</previousColumn>
<autoIncrementCycle>false</autoIncrementCycle>
<associations>
<colAssociation fkAssociation="33721EB4-E5C8-4188-4A4D-040201DF21B0" referredColumn="5195B4CF-FB44-E71B-910A-A50E9D193F2E"/>
</associations>
</Column>
</columns>
<indexes itemClass="oracle.dbtools.crest.model.design.relational.Index">
<ind_PK_UK id="E6B70349-5154-8502-D0A3-1D8CE940EE50" name="MERCHANDIISE_PK">
<createdBy>Administrator</createdBy>
<createdTime>2017-09-03 00:32:30 UTC</createdTime>
<generatorID>1F9A2B24-F997-E083-61CE-F8D7E04DA557</generatorID>
<ownerDesignName>work</ownerDesignName>
<pk>true</pk>
<indexState>Primary Constraint</indexState>
<isSurrogateKey>false</isSurrogateKey>
<indexColumnUsage>
<colUsage columnID="28E936C9-2BD3-A279-EE24-A9DEAE0F1B58"/>
<colUsage columnID="B09FA08F-2C79-6CF7-1393-27A1A60DB4C1"/>
</indexColumnUsage>
</ind_PK_UK>
<ind_PK_UK id="3E33E0F2-570E-1CB0-E3AE-0DABACB4697C" name="MERCHANDIISE_ORDER_FK">
<createdBy>Administrator</createdBy>
<createdTime>2017-09-03 00:32:30 UTC</createdTime>
<generatorID>AD0ABF82-443D-9A0F-8A47-F69CC7B34421</generatorID>
<ownerDesignName>work</ownerDesignName>
<indexState>Foreign Key</indexState>
<isSurrogateKey>false</isSurrogateKey>
<indexColumnUsage>
<colUsage columnID="B09FA08F-2C79-6CF7-1393-27A1A60DB4C1"/>
</indexColumnUsage>
</ind_PK_UK>
<ind_PK_UK id="8CBD129E-847D-6667-DE46-387CCC72B1C4" name="MERCHANDIISE_ITEM_FK">
<createdBy>Administrator</createdBy>
<createdTime>2017-09-03 00:32:30 UTC</createdTime>
<generatorID>EE218BF4-F05B-D466-CA2E-E5C8DF365D12</generatorID>
<ownerDesignName>work</ownerDesignName>
<indexState>Foreign Key</indexState>
<isSurrogateKey>false</isSurrogateKey>
<indexColumnUsage>
<colUsage columnID="41CA3160-8CF9-D5E1-8FC0-7FE856B089F3"/>
</indexColumnUsage>
</ind_PK_UK>
</indexes>
</Table>