<?xml version = '1.0' encoding = 'UTF-8'?>
<Table class="oracle.dbtools.crest.model.design.relational.Table" directorySegmentName="seg_0" id="5CB9BAE5-260F-39E8-0F9E-6162A26D234F" name="ORDER">
<createdBy>Administrator</createdBy>
<createdTime>2017-09-03 00:32:30 UTC</createdTime>
<generatorID>F7E904A1-EC63-47AA-7DFC-2DE894D06DB1</generatorID>
<ownerDesignName>work</ownerDesignName>
<allowColumnReorder>false</allowColumnReorder>
<existDependencyGenerateInDDl>true</existDependencyGenerateInDDl>
<parsed>true</parsed>
<columns itemClass="oracle.dbtools.crest.model.design.relational.Column">
<Column name="ordernumber" id="FE5D1C8D-A58A-F4CD-B922-2488A7DFF2CF">
<createdBy>Administrator</createdBy>
<createdTime>2017-09-03 00:32:30 UTC</createdTime>
<comment>order number</comment>
<generatorID>BAFFD7D3-4C1B-1AC8-5296-F83DCD73CB41</generatorID>
<ownerDesignName>work</ownerDesignName>
<useDomainConstraints>false</useDomainConstraints>
<use>1</use>
<logicalDatatype>LOGDT024</logicalDatatype>
<dataTypeSize>8 CHAR</dataTypeSize>
<ownDataTypeParameters>8 CHAR,,</ownDataTypeParameters>
<autoIncrementCycle>false</autoIncrementCycle>
</Column>
<Column name="orderdate" id="EA34C7DF-546C-877D-F8A5-8D94E25E5174">
<createdBy>Administrator</createdBy>
<createdTime>2017-09-03 00:32:30 UTC</createdTime>
<comment>order date</comment>
<generatorID>24D69CAA-7903-FEA3-F41D-C546BD7301A4</generatorID>
<ownerDesignName>work</ownerDesignName>
<nullsAllowed>true</nullsAllowed>
<useDomainConstraints>false</useDomainConstraints>
<use>1</use>
<logicalDatatype>LOGDT007</logicalDatatype>
<ownDataTypeParameters>,,</ownDataTypeParameters>
<autoIncrementCycle>false</autoIncrementCycle>
</Column>
<Column name="cvnumber" id="93363C0B-389D-B3B2-571D-814F9033FAFE">
<createdBy>Administrator</createdBy>
<createdTime>2017-09-03 00:32:30 UTC</createdTime>
<comment>competitor or volunteer&apos;s number</comment>
<generatorID>DFA9A471-0F1A-0C05-4136-18BF77AAD661</generatorID>
<ownerDesignName>work</ownerDesignName>
<nullsAllowed>true</nullsAllowed>
<useDomainConstraints>false</useDomainConstraints>
<use>1</use>
<logicalDatatype>LOGDT024</logicalDatatype>
<dataTypeSize>10 CHAR</dataTypeSize>
<ownDataTypeParameters>10 CHAR,,</ownDataTypeParameters>
<autoIncrementCycle>false</autoIncrementCycle>
</Column>
<Column name="delivery" id="562D8B5F-8C0F-A1F8-34EE-ABE21B484556">
<createdBy>Administrator</createdBy>
<createdTime>2017-09-03 00:32:30 UTC</createdTime>
<comment>order delivery cost</comment>
<generatorID>DC910091-55D2-30C0-D58C-F0617AB156FB</generatorID>
<ownerDesignName>work</ownerDesignName>
<useDomainConstraints>false</useDomainConstraints>
<use>1</use>
<logicalDatatype>LOGDT021</logicalDatatype>
<dataTypePrecision>2</dataTypePrecision>
<dataTypeScale>2</dataTypeScale>
<ownDataTypeParameters>,2,2</ownDataTypeParameters>
<autoIncrementCycle>false</autoIncrementCycle>
</Column>
<Column name="totalCost" id="0E69D7B3-DFC7-43F1-D995-3ADCFA76C6E4">
<createdBy>Administrator</createdBy>
<createdTime>2017-09-03 00:32:30 UTC</createdTime>
<comment>order&apos;s total cost</comment>
<generatorID>BC46E54F-003B-BB66-26DC-75F36A737401</generatorID>
<ownerDesignName>work</ownerDesignName>
<useDomainConstraints>false</useDomainConstraints>
<use>1</use>
<logicalDatatype>LOGDT021</logicalDatatype>
<dataTypeScale>2</dataTypeScale>
<ownDataTypeParameters>,,2</ownDataTypeParameters>
<autoIncrementCycle>false</autoIncrementCycle>
</Column>
<Column name="COMPETITOR_cnumber" id="38F17998-F72A-3D40-48D3-C8E6E8F57B3E">
<createdBy>Administrator</createdBy>
<createdTime>2017-09-03 00:32:30 UTC</createdTime>
<comment>competitor number</comment>
<generatorID>6B3B1014-E33F-C51D-89A1-6D34B7934C76</generatorID>
<ownerDesignName>work</ownerDesignName>
<useDomainConstraints>false</useDomainConstraints>
<use>1</use>
<logicalDatatype>LOGDT024</logicalDatatype>
<dataTypeSize>6 CHAR</dataTypeSize>
<ownDataTypeParameters>,,</ownDataTypeParameters>
<previousColumn>false</previousColumn>
<autoIncrementCycle>false</autoIncrementCycle>
<associations>
<colAssociation fkAssociation="716C5772-77F3-ED6A-C175-D5AC8270B6C2" referredColumn="DFE44D36-D2C1-8232-913F-E4B795215CDA"/>
</associations>
</Column>
<Column name="VOLUNTEER_vnumber" id="0C153BD1-A284-04F7-E4B2-74AF214F7F70">
<createdBy>Administrator</createdBy>
<createdTime>2017-09-03 00:32:30 UTC</createdTime>
<comment>volunteer&apos;s number</comment>
<generatorID>FFBA39B8-FEFA-CE92-F779-D89BBEA978AF</generatorID>
<ownerDesignName>work</ownerDesignName>
<useDomainConstraints>false</useDomainConstraints>
<use>1</use>
<logicalDatatype>LOGDT024</logicalDatatype>
<dataTypeSize>10 CHAR</dataTypeSize>
<ownDataTypeParameters>,,</ownDataTypeParameters>
<previousColumn>false</previousColumn>
<autoIncrementCycle>false</autoIncrementCycle>
<associations>
<colAssociation fkAssociation="5DE80DA4-EE04-08E8-AB29-72D39CF7F471" referredColumn="B3D2F88D-FAD0-325D-1083-D5416AFF4A39"/>
</associations>
</Column>
</columns>
<indexes itemClass="oracle.dbtools.crest.model.design.relational.Index">
<ind_PK_UK id="211A4110-0A85-CC41-E52E-C6E75EF62140" name="ORDER_PK">
<createdBy>Administrator</createdBy>
<createdTime>2017-09-03 00:32:30 UTC</createdTime>
<generatorID>CD32E9F4-DF6C-33A0-9C54-D2235260C6BF</generatorID>
<ownerDesignName>work</ownerDesignName>
<pk>true</pk>
<indexState>Primary Constraint</indexState>
<isSurrogateKey>false</isSurrogateKey>
<indexColumnUsage>
<colUsage columnID="FE5D1C8D-A58A-F4CD-B922-2488A7DFF2CF"/>
</indexColumnUsage>
</ind_PK_UK>
<ind_PK_UK id="A25859E4-840F-CFF2-BB45-51282F480186" name="ORDER_COMPETITOR_FK">
<createdBy>Administrator</createdBy>
<createdTime>2017-09-03 00:32:30 UTC</createdTime>
<generatorID>0E1B2484-CC92-6FB0-7BE2-425F5D5BC79C</generatorID>
<ownerDesignName>work</ownerDesignName>
<indexState>Foreign Key</indexState>
<isSurrogateKey>false</isSurrogateKey>
<indexColumnUsage>
<colUsage columnID="38F17998-F72A-3D40-48D3-C8E6E8F57B3E"/>
</indexColumnUsage>
</ind_PK_UK>
<ind_PK_UK id="23B418B0-06EB-4179-7A28-4C03362A3CBE" name="ORDER_VOLUNTEER_FK">
<createdBy>Administrator</createdBy>
<createdTime>2017-09-03 00:32:30 UTC</createdTime>
<generatorID>A0AB3F17-5BAE-722E-5DBB-DA70586580F5</generatorID>
<ownerDesignName>work</ownerDesignName>
<indexState>Foreign Key</indexState>
<isSurrogateKey>false</isSurrogateKey>
<indexColumnUsage>
<colUsage columnID="0C153BD1-A284-04F7-E4B2-74AF214F7F70"/>
</indexColumnUsage>
</ind_PK_UK>
</indexes>
</Table>