<?xml version = '1.0' encoding = 'UTF-8'?>
<Table class="oracle.dbtools.crest.model.design.relational.Table" directorySegmentName="seg_0" id="E4B1B1DC-BE59-F6B6-3E38-CD88045FBA8A" name="COMPETITOR">
<createdBy>Administrator</createdBy>
<createdTime>2017-09-03 00:32:29 UTC</createdTime>
<generatorID>960B18AB-22C7-7101-E6B8-A424D8499764</generatorID>
<ownerDesignName>work</ownerDesignName>
<allowColumnReorder>false</allowColumnReorder>
<existDependencyGenerateInDDl>true</existDependencyGenerateInDDl>
<parsed>true</parsed>
<columns itemClass="oracle.dbtools.crest.model.design.relational.Column">
<Column name="cnumber" id="DFE44D36-D2C1-8232-913F-E4B795215CDA">
<createdBy>Administrator</createdBy>
<createdTime>2017-09-03 00:32:29 UTC</createdTime>
<comment>competitor number</comment>
<generatorID>F7F35E05-C256-1753-6465-7A9FBACA8A7B</generatorID>
<ownerDesignName>work</ownerDesignName>
<useDomainConstraints>false</useDomainConstraints>
<use>1</use>
<logicalDatatype>LOGDT024</logicalDatatype>
<dataTypeSize>6 CHAR</dataTypeSize>
<ownDataTypeParameters>6 CHAR,,</ownDataTypeParameters>
<autoIncrementCycle>false</autoIncrementCycle>
</Column>
<Column name="cfirstname" id="D31FCAF7-CFDB-683A-3EF1-3B91557B2522">
<createdBy>Administrator</createdBy>
<createdTime>2017-09-03 00:32:29 UTC</createdTime>
<comment>competitor fisrtname</comment>
<generatorID>93FDE584-B8A1-8E4B-2E73-146756720263</generatorID>
<ownerDesignName>work</ownerDesignName>
<useDomainConstraints>false</useDomainConstraints>
<use>1</use>
<logicalDatatype>LOGDT024</logicalDatatype>
<dataTypeSize>20 CHAR</dataTypeSize>
<ownDataTypeParameters>20 CHAR,,</ownDataTypeParameters>
<autoIncrementCycle>false</autoIncrementCycle>
</Column>
<Column name="clastname" id="73548556-378E-2C22-D4C6-A9FF3C0E47D3">
<createdBy>Administrator</createdBy>
<createdTime>2017-09-03 00:32:30 UTC</createdTime>
<comment>competitor last name</comment>
<generatorID>8B84CCB7-A751-9E26-092C-4314E7E067DD</generatorID>
<ownerDesignName>work</ownerDesignName>
<useDomainConstraints>false</useDomainConstraints>
<use>1</use>
<logicalDatatype>LOGDT024</logicalDatatype>
<dataTypeSize>20 CHAR</dataTypeSize>
<ownDataTypeParameters>20 CHAR,,</ownDataTypeParameters>
<autoIncrementCycle>false</autoIncrementCycle>
</Column>
<Column name="cname" id="37699F86-1C14-3D91-FA93-10B0326154BF">
<createdBy>Administrator</createdBy>
<createdTime>2017-09-03 00:32:30 UTC</createdTime>
<comment>competitor name</comment>
<generatorID>743F6E77-1185-BA29-EA3D-CD4FAA110FF6</generatorID>
<ownerDesignName>work</ownerDesignName>
<useDomainConstraints>false</useDomainConstraints>
<use>1</use>
<logicalDatatype>LOGDT024</logicalDatatype>
<dataTypeSize>30 CHAR</dataTypeSize>
<ownDataTypeParameters>30 CHAR,,</ownDataTypeParameters>
<autoIncrementCycle>false</autoIncrementCycle>
</Column>
<Column name="cgender" id="B7B1FCDC-9B8C-3F79-23CB-483A96C28A99">
<createdBy>Administrator</createdBy>
<createdTime>2017-09-03 00:32:30 UTC</createdTime>
<comment>competitor&apos;s gender, female or male</comment>
<generatorID>AE201467-39B3-DEE9-1A0A-95C8B107C014</generatorID>
<ownerDesignName>work</ownerDesignName>
<useDomainConstraints>false</useDomainConstraints>
<use>1</use>
<logicalDatatype>LOGDT006</logicalDatatype>
<dataTypeSize>1</dataTypeSize>
<ownDataTypeParameters>1,,</ownDataTypeParameters>
<autoIncrementCycle>false</autoIncrementCycle>
</Column>
<Column name="cbirthday" id="AF556313-C0C7-2DA1-83F8-3C79B86EDB1E">
<createdBy>Administrator</createdBy>
<createdTime>2017-09-03 00:32:30 UTC</createdTime>
<comment>competitor&apos;s birthday</comment>
<generatorID>370F2846-F531-FB1D-3B12-7AB9A71E8D2F</generatorID>
<ownerDesignName>work</ownerDesignName>
<useDomainConstraints>false</useDomainConstraints>
<use>1</use>
<logicalDatatype>LOGDT008</logicalDatatype>
<ownDataTypeParameters>,,</ownDataTypeParameters>
<autoIncrementCycle>false</autoIncrementCycle>
</Column>
<Column name="cemail" id="C505763C-FEC8-7AB2-1510-293C3721A1EC">
<createdBy>Administrator</createdBy>
<createdTime>2017-09-03 00:32:30 UTC</createdTime>
<comment>competitor&apos;s email</comment>
<generatorID>BED196C2-6E92-7D9F-87E8-677F3F0C6231</generatorID>
<ownerDesignName>work</ownerDesignName>
<useDomainConstraints>false</useDomainConstraints>
<use>1</use>
<logicalDatatype>LOGDT024</logicalDatatype>
<dataTypeSize>30 CHAR</dataTypeSize>
<ownDataTypeParameters>30 CHAR,,</ownDataTypeParameters>
<autoIncrementCycle>false</autoIncrementCycle>
</Column>
<Column name="cIsStu" id="0E8B4260-2AF8-6AFF-836C-823D9A02E890">
<createdBy>Administrator</createdBy>
<createdTime>2017-09-03 00:32:30 UTC</createdTime>
<comment>is the competitor a universty student?</comment>
<generatorID>7BC86BDD-1679-844A-8BD3-3EC49DBFA81B</generatorID>
<ownerDesignName>work</ownerDesignName>
<useDomainConstraints>false</useDomainConstraints>
<use>1</use>
<logicalDatatype>LOGDT006</logicalDatatype>
<dataTypeSize>1</dataTypeSize>
<ownDataTypeParameters>1,,</ownDataTypeParameters>
<autoIncrementCycle>false</autoIncrementCycle>
</Column>
<Column name="cMobile" id="D4E6C4F4-629B-F388-E693-F5C88D844C54">
<createdBy>Administrator</createdBy>
<createdTime>2017-09-03 00:32:30 UTC</createdTime>
<comment>competitor&apos;s mobile</comment>
<generatorID>413AB2A0-D817-A7E7-DAA8-C0FFA0BBD692</generatorID>
<ownerDesignName>work</ownerDesignName>
<useDomainConstraints>false</useDomainConstraints>
<use>1</use>
<logicalDatatype>LOGDT024</logicalDatatype>
<dataTypeSize>30 CHAR</dataTypeSize>
<ownDataTypeParameters>30 CHAR,,</ownDataTypeParameters>
<autoIncrementCycle>false</autoIncrementCycle>
</Column>
<Column name="cIsAnyCondition" id="2C0C9BB4-CE55-1C1D-8655-7037606FA4A7">
<createdBy>Administrator</createdBy>
<createdTime>2017-09-03 00:32:30 UTC</createdTime>
<comment>Is there any condition with the competitor?</comment>
<generatorID>FCEAA717-F492-39E2-CDAD-284598752F0A</generatorID>
<ownerDesignName>work</ownerDesignName>
<useDomainConstraints>false</useDomainConstraints>
<use>1</use>
<logicalDatatype>LOGDT006</logicalDatatype>
<dataTypeSize>1</dataTypeSize>
<ownDataTypeParameters>1,,</ownDataTypeParameters>
<autoIncrementCycle>false</autoIncrementCycle>
</Column>
<Column name="cArea" id="9DE8AEC7-B533-FD5C-51B4-21ABA5B022F0">
<createdBy>Administrator</createdBy>
<createdTime>2017-09-03 00:32:30 UTC</createdTime>
<comment>condition areas</comment>
<generatorID>8253EFFA-5231-0305-1A2F-1FCCFF482595</generatorID>
<ownerDesignName>work</ownerDesignName>
<nullsAllowed>true</nullsAllowed>
<useDomainConstraints>false</useDomainConstraints>
<use>3</use>
<structuredType>47E390DE-0671-C4B1-8428-0F45CBEE18F8</structuredType>
<ownDataTypeParameters>,,</ownDataTypeParameters>
<autoIncrementCycle>false</autoIncrementCycle>
</Column>
<Column name="ecfirstname" id="02BE9682-9C74-11B1-6F70-F7FE01F5CB86">
<createdBy>Administrator</createdBy>
<createdTime>2017-09-03 00:32:30 UTC</createdTime>
<comment>emergency contact&apos;s  firstname</comment>
<generatorID>CC7A43CA-E9C0-AA32-0D4D-30FBFC2EC826</generatorID>
<ownerDesignName>work</ownerDesignName>
<useDomainConstraints>false</useDomainConstraints>
<use>1</use>
<logicalDatatype>LOGDT024</logicalDatatype>
<dataTypeSize>20 CHAR</dataTypeSize>
<ownDataTypeParameters>20 CHAR,,</ownDataTypeParameters>
<autoIncrementCycle>false</autoIncrementCycle>
</Column>
<Column name="eclastname" id="3C551655-658E-3E54-F7FC-ACB4F32BCB4E">
<createdBy>Administrator</createdBy>
<createdTime>2017-09-03 00:32:30 UTC</createdTime>
<comment>emergency contact&apos;s lastname</comment>
<generatorID>CC33F4AE-DD5F-4B7C-96CB-3B6F0C3EECA5</generatorID>
<ownerDesignName>work</ownerDesignName>
<useDomainConstraints>false</useDomainConstraints>
<use>1</use>
<logicalDatatype>LOGDT024</logicalDatatype>
<dataTypeSize>20 CHAR</dataTypeSize>
<ownDataTypeParameters>20 CHAR,,</ownDataTypeParameters>
<autoIncrementCycle>false</autoIncrementCycle>
</Column>
<Column name="ecname" id="E6FD2038-1AF4-22FB-4251-5236CB845FA3">
<createdBy>Administrator</createdBy>
<createdTime>2017-09-03 00:32:30 UTC</createdTime>
<comment>emergency contact&apos;s name</comment>
<generatorID>F18F94E4-6BCC-A0C5-BA18-EE1227A7274F</generatorID>
<ownerDesignName>work</ownerDesignName>
<useDomainConstraints>false</useDomainConstraints>
<use>1</use>
<logicalDatatype>LOGDT024</logicalDatatype>
<dataTypeSize>30 CHAR</dataTypeSize>
<ownDataTypeParameters>30 CHAR,,</ownDataTypeParameters>
<autoIncrementCycle>false</autoIncrementCycle>
</Column>
<Column name="ecphone" id="C3B4706C-06AA-8007-3711-2EA4D32CF00E">
<createdBy>Administrator</createdBy>
<createdTime>2017-09-03 00:32:30 UTC</createdTime>
<comment>emergency contact&apos;s phone</comment>
<generatorID>67D3DE42-C2A1-7E27-4466-1795A6D5B29B</generatorID>
<ownerDesignName>work</ownerDesignName>
<useDomainConstraints>false</useDomainConstraints>
<use>1</use>
<logicalDatatype>LOGDT024</logicalDatatype>
<dataTypeSize>20 CHAR</dataTypeSize>
<ownDataTypeParameters>20 CHAR,,</ownDataTypeParameters>
<autoIncrementCycle>false</autoIncrementCycle>
</Column>
<Column name="ecrelation" id="74415CE2-E77C-DFAE-1CD9-656A16D468CD">
<createdBy>Administrator</createdBy>
<createdTime>2017-09-03 00:32:30 UTC</createdTime>
<comment>emergency contact&apos;s relationship with the competitor</comment>
<generatorID>4CDDCB09-196F-9681-39E4-F8E6D78D5FC1</generatorID>
<ownerDesignName>work</ownerDesignName>
<useDomainConstraints>false</useDomainConstraints>
<use>1</use>
<logicalDatatype>LOGDT024</logicalDatatype>
<dataTypeSize>20 CHAR</dataTypeSize>
<ownDataTypeParameters>20 CHAR,,</ownDataTypeParameters>
<autoIncrementCycle>false</autoIncrementCycle>
</Column>
<Column name="gfistname" id="508DA215-A642-4508-735D-51E54D77547C">
<createdBy>Administrator</createdBy>
<createdTime>2017-09-03 00:32:30 UTC</createdTime>
<comment>guardian&apos;s firstname</comment>
<generatorID>E60DD0CA-84D1-AF08-54C2-F2EC77340635</generatorID>
<ownerDesignName>work</ownerDesignName>
<useDomainConstraints>false</useDomainConstraints>
<use>1</use>
<logicalDatatype>LOGDT024</logicalDatatype>
<dataTypeSize>20 CHAR</dataTypeSize>
<ownDataTypeParameters>20 CHAR,,</ownDataTypeParameters>
<autoIncrementCycle>false</autoIncrementCycle>
</Column>
<Column name="glastname" id="3A75FB5B-1DE4-0792-C5C3-3378AF2FB0B4">
<createdBy>Administrator</createdBy>
<createdTime>2017-09-03 00:32:30 UTC</createdTime>
<comment>guardian&apos;s  lastname</comment>
<generatorID>FCB7739F-4DB8-3461-96B2-E3A877E139F8</generatorID>
<ownerDesignName>work</ownerDesignName>
<useDomainConstraints>false</useDomainConstraints>
<use>1</use>
<logicalDatatype>LOGDT024</logicalDatatype>
<dataTypeSize>20 CHAR</dataTypeSize>
<ownDataTypeParameters>20 CHAR,,</ownDataTypeParameters>
<autoIncrementCycle>false</autoIncrementCycle>
</Column>
<Column name="gname" id="2A69AE56-E486-A05B-0B09-076BE44F90E1">
<createdBy>Administrator</createdBy>
<createdTime>2017-09-03 00:32:30 UTC</createdTime>
<comment>guardian&apos;s name</comment>
<generatorID>50AD632A-F4EE-CB2E-847C-1F347FB2F9BC</generatorID>
<ownerDesignName>work</ownerDesignName>
<nullsAllowed>true</nullsAllowed>
<useDomainConstraints>false</useDomainConstraints>
<use>1</use>
<logicalDatatype>LOGDT024</logicalDatatype>
<dataTypeSize>30 CHAR</dataTypeSize>
<ownDataTypeParameters>30 CHAR,,</ownDataTypeParameters>
<autoIncrementCycle>false</autoIncrementCycle>
</Column>
<Column name="gphone" id="13D42866-4759-FEAA-FFE5-EC30724750E7">
<createdBy>Administrator</createdBy>
<createdTime>2017-09-03 00:32:30 UTC</createdTime>
<comment>guardian&apos;s phone</comment>
<generatorID>D50BF898-BCBC-E7E7-0056-CA0C68D59883</generatorID>
<ownerDesignName>work</ownerDesignName>
<useDomainConstraints>false</useDomainConstraints>
<use>1</use>
<logicalDatatype>LOGDT024</logicalDatatype>
<dataTypeSize>gphone CHAR</dataTypeSize>
<ownDataTypeParameters>gphone CHAR,,</ownDataTypeParameters>
<autoIncrementCycle>false</autoIncrementCycle>
</Column>
<Column name="ENTRY_enumber" id="9C024E4B-5CBC-F3B1-9D55-891016A5013E">
<createdBy>Administrator</createdBy>
<createdTime>2017-09-03 00:32:30 UTC</createdTime>
<comment>entry number</comment>
<generatorID>6FC36DD8-8181-97A3-61BF-F78DDE913E86</generatorID>
<ownerDesignName>work</ownerDesignName>
<useDomainConstraints>false</useDomainConstraints>
<use>1</use>
<logicalDatatype>LOGDT024</logicalDatatype>
<dataTypeSize>10 CHAR</dataTypeSize>
<ownDataTypeParameters>,,</ownDataTypeParameters>
<previousColumn>false</previousColumn>
<autoIncrementCycle>false</autoIncrementCycle>
<associations>
<colAssociation fkAssociation="9CB243D7-2257-AEED-82F7-69715810BFFF" referredColumn="5BEE48D6-9965-502C-045E-B20841A62FCF"/>
</associations>
</Column>
</columns>
<indexes itemClass="oracle.dbtools.crest.model.design.relational.Index">
<ind_PK_UK id="D9A01741-9A6E-5C97-D0A5-3AFA101C519A" name="COMPETITOR_PK">
<createdBy>Administrator</createdBy>
<createdTime>2017-09-03 00:32:30 UTC</createdTime>
<generatorID>F0CC97DE-9DA7-E545-9BF7-C9DF1A6B8D13</generatorID>
<ownerDesignName>work</ownerDesignName>
<pk>true</pk>
<indexState>Primary Constraint</indexState>
<isSurrogateKey>false</isSurrogateKey>
<indexColumnUsage>
<colUsage columnID="DFE44D36-D2C1-8232-913F-E4B795215CDA"/>
</indexColumnUsage>
</ind_PK_UK>
<ind_PK_UK id="7BE2D5E9-5BB7-7BD9-EA24-229C24E96E63" name="COMPETITOR__IDX">
<createdBy>Administrator</createdBy>
<createdTime>2017-09-03 00:32:30 UTC</createdTime>
<ownerDesignName>work</ownerDesignName>
<indexState>Unique Plain Index</indexState>
<isSurrogateKey>false</isSurrogateKey>
<relationGeneratorID>00BCB921-1E9E-60BA-21FF-021AF72FC5FE</relationGeneratorID>
<indexColumnUsage>
<colUsage columnID="9C024E4B-5CBC-F3B1-9D55-891016A5013E"/>
</indexColumnUsage>
</ind_PK_UK>
<ind_PK_UK id="85881C2B-29E2-3F95-B483-DA9C2B8AC565" name="COMPETITOR_ENTRY_FK">
<createdBy>Administrator</createdBy>
<createdTime>2017-09-03 00:32:30 UTC</createdTime>
<generatorID>00BCB921-1E9E-60BA-21FF-021AF72FC5FE</generatorID>
<ownerDesignName>work</ownerDesignName>
<indexState>Foreign Key</indexState>
<isSurrogateKey>false</isSurrogateKey>
<indexColumnUsage>
<colUsage columnID="9C024E4B-5CBC-F3B1-9D55-891016A5013E"/>
</indexColumnUsage>
</ind_PK_UK>
</indexes>
</Table>