<?xml version = '1.0' encoding = 'UTF-8'?>
<Relation class="oracle.dbtools.crest.model.design.logical.Relation" name="Relation_12" directorySegmentName="seg_0" id="9C0B1CC9-4129-DF10-2AE5-DA69CDE524DF">
<createdBy>Administrator</createdBy>
<createdTime>2017-09-02 11:06:20 UTC</createdTime>
<ownerDesignName>solution</ownerDesignName>
<engineerTo>
<item key="D42BBFA7-E6EB-5F76-B7D7-30538FDCBE1F" value="true"/>
</engineerTo>
<sourcePk>DA7C0806-6447-3D18-C684-879861531D8F</sourcePk>
<identifying>false</identifying>
<optionalSource>true</optionalSource>
<optionalTarget>false</optionalTarget>
<sourceCardinality>1</sourceCardinality>
<sourceEntity>31DEB36E-98E2-4529-A961-DA8E75AB6E9E</sourceEntity>
<targetCardinalityString>1</targetCardinalityString>
<targetEntity>912582D8-0714-4461-770E-A0737D31F698</targetEntity>
<transferable>true</transferable>
<deleteRule>NO ACTION</deleteRule>
</Relation>