<?xml version = '1.0' encoding = 'UTF-8'?>
<Relation class="oracle.dbtools.crest.model.design.logical.Relation" name="Relation_11" directorySegmentName="seg_0" id="E5A20323-5FDE-D6E8-2BC6-F1CA4D627521">
<createdBy>Administrator</createdBy>
<createdTime>2017-09-02 11:05:24 UTC</createdTime>
<ownerDesignName>solution</ownerDesignName>
<engineerTo>
<item key="D42BBFA7-E6EB-5F76-B7D7-30538FDCBE1F" value="true"/>
</engineerTo>
<sourcePk>47C75331-A59D-C24C-6B88-DA9669192AB9</sourcePk>
<identifying>false</identifying>
<optionalSource>true</optionalSource>
<optionalTarget>false</optionalTarget>
<sourceCardinality>1</sourceCardinality>
<sourceEntity>355918B2-AC2D-E025-67C4-9D1F46C4DD36</sourceEntity>
<targetCardinalityString>*</targetCardinalityString>
<targetEntity>31DEB36E-98E2-4529-A961-DA8E75AB6E9E</targetEntity>
<transferable>true</transferable>
<deleteRule>NO ACTION</deleteRule>
</Relation>