<?xml version = '1.0' encoding = 'UTF-8'?>
<Relation class="oracle.dbtools.crest.model.design.logical.Relation" name="Relation_17" directorySegmentName="seg_0" id="FF5E1347-9457-11DD-9BB8-0B3BDBEE6617">
<createdBy>Administrator</createdBy>
<createdTime>2017-09-03 02:46:57 UTC</createdTime>
<ownerDesignName>solution</ownerDesignName>
<engineerTo>
<item key="D42BBFA7-E6EB-5F76-B7D7-30538FDCBE1F" value="true"/>
</engineerTo>
<sourcePk>EC3BE187-D7A3-BBC6-BD93-72F239B0FD77</sourcePk>
<identifying>true</identifying>
<optionalSource>true</optionalSource>
<optionalTarget>false</optionalTarget>
<sourceCardinality>1</sourceCardinality>
<sourceEntity>20210F57-8BC5-5965-6F3B-91CFBFDB1D68</sourceEntity>
<targetCardinalityString>*</targetCardinalityString>
<targetEntity>390FED20-4709-F06D-8514-EB249AE36889</targetEntity>
<transferable>true</transferable>
<deleteRule>NO ACTION</deleteRule>
</Relation>