<?xml version = '1.0' encoding = 'UTF-8'?>
<Relation class="oracle.dbtools.crest.model.design.logical.Relation" name="Relation_10" directorySegmentName="seg_0" id="00BCB921-1E9E-60BA-21FF-021AF72FC5FE">
<createdBy>Administrator</createdBy>
<createdTime>2017-09-03 00:29:43 UTC</createdTime>
<ownerDesignName>work</ownerDesignName>
<engineerTo>
<item key="93C5B731-2A84-78CC-5FAC-DDA245CA99A1" value="true"/>
</engineerTo>
<sourcePk>D2ACF810-4223-5507-4CFB-478865D939D5</sourcePk>
<identifying>false</identifying>
<optionalSource>true</optionalSource>
<optionalTarget>false</optionalTarget>
<sourceCardinality>1</sourceCardinality>
<sourceEntity>12DD2FC6-A9E6-6083-7892-FBB4AC29BBDB</sourceEntity>
<targetCardinalityString>1</targetCardinalityString>
<targetEntity>960B18AB-22C7-7101-E6B8-A424D8499764</targetEntity>
<transferable>true</transferable>
<deleteRule>NO ACTION</deleteRule>
</Relation>