<?xml version = '1.0' encoding = 'UTF-8'?>
<Relation class="oracle.dbtools.crest.model.design.logical.Relation" name="Relation_2" directorySegmentName="seg_0" id="0E1B2484-CC92-6FB0-7BE2-425F5D5BC79C">
<createdBy>Administrator</createdBy>
<createdTime>2017-09-03 00:22:33 UTC</createdTime>
<comment>competitor may has several orders</comment>
<ownerDesignName>work</ownerDesignName>
<engineerTo>
<item key="93C5B731-2A84-78CC-5FAC-DDA245CA99A1" value="true"/>
</engineerTo>
<sourcePk>F0CC97DE-9DA7-E545-9BF7-C9DF1A6B8D13</sourcePk>
<identifying>false</identifying>
<optionalSource>true</optionalSource>
<optionalTarget>false</optionalTarget>
<sourceCardinality>1</sourceCardinality>
<sourceEntity>960B18AB-22C7-7101-E6B8-A424D8499764</sourceEntity>
<targetCardinalityString>*</targetCardinalityString>
<targetEntity>F7E904A1-EC63-47AA-7DFC-2DE894D06DB1</targetEntity>
<transferable>true</transferable>
<deleteRule>NO ACTION</deleteRule>
</Relation>