<?xml version = '1.0' encoding = 'UTF-8'?>
<Relation class="oracle.dbtools.crest.model.design.logical.Relation" name="Relation_8" directorySegmentName="seg_0" id="2CF1C801-B41F-2E70-3443-A033D367F053">
<createdBy>Administrator</createdBy>
<createdTime>2017-09-03 00:28:48 UTC</createdTime>
<ownerDesignName>work</ownerDesignName>
<engineerTo>
<item key="93C5B731-2A84-78CC-5FAC-DDA245CA99A1" value="true"/>
</engineerTo>
<sourcePk>8D66861E-E5D4-7413-2D0F-30C241234BC7</sourcePk>
<identifying>false</identifying>
<optionalSource>true</optionalSource>
<optionalTarget>false</optionalTarget>
<sourceCardinality>1</sourceCardinality>
<sourceEntity>0FEDA0C5-E32D-7EC6-D303-2C1E82D3AA0A</sourceEntity>
<targetCardinalityString>*</targetCardinalityString>
<targetEntity>12DD2FC6-A9E6-6083-7892-FBB4AC29BBDB</targetEntity>
<transferable>true</transferable>
<deleteRule>NO ACTION</deleteRule>
</Relation>