<?xml version = '1.0' encoding = 'UTF-8'?>
<Relation class="oracle.dbtools.crest.model.design.logical.Relation" name="contains" directorySegmentName="seg_0" id="99E462B7-31A9-20AC-C30C-CFB044E9E8F3">
<createdBy>Administrator</createdBy>
<createdTime>2017-09-03 00:20:10 UTC</createdTime>
<comment>carnivals contains serval sponsors</comment>
<ownerDesignName>work</ownerDesignName>
<engineerTo>
<item key="93C5B731-2A84-78CC-5FAC-DDA245CA99A1" value="true"/>
</engineerTo>
<sourcePk>8D66861E-E5D4-7413-2D0F-30C241234BC7</sourcePk>
<identifying>false</identifying>
<optionalSource>true</optionalSource>
<optionalTarget>false</optionalTarget>
<sourceCardinality>1</sourceCardinality>
<sourceEntity>0FEDA0C5-E32D-7EC6-D303-2C1E82D3AA0A</sourceEntity>
<targetCardinalityString>*</targetCardinalityString>
<targetEntity>D7E8AD1D-279D-A043-CAC6-441877EA3789</targetEntity>
<transferable>true</transferable>
<deleteRule>NO ACTION</deleteRule>
</Relation>