<?xml version = '1.0' encoding = 'UTF-8'?>
<Relation class="oracle.dbtools.crest.model.design.logical.Relation" name="Relation_7" directorySegmentName="seg_0" id="A0AB3F17-5BAE-722E-5DBB-DA70586580F5">
<createdBy>Administrator</createdBy>
<createdTime>2017-09-03 00:27:17 UTC</createdTime>
<ownerDesignName>work</ownerDesignName>
<engineerTo>
<item key="93C5B731-2A84-78CC-5FAC-DDA245CA99A1" value="true"/>
</engineerTo>
<sourcePk>2BA658DB-B159-3118-2542-B0C9C2624A19</sourcePk>
<identifying>false</identifying>
<optionalSource>true</optionalSource>
<optionalTarget>false</optionalTarget>
<sourceCardinality>1</sourceCardinality>
<sourceEntity>62E9A00F-940B-F9F8-580C-707FE74E2B8B</sourceEntity>
<targetCardinalityString>*</targetCardinalityString>
<targetEntity>F7E904A1-EC63-47AA-7DFC-2DE894D06DB1</targetEntity>
<transferable>true</transferable>
<deleteRule>NO ACTION</deleteRule>
</Relation>