<?xml version = '1.0' encoding = 'UTF-8'?>
<Relation class="oracle.dbtools.crest.model.design.logical.Relation" name="Relation_4" directorySegmentName="seg_0" id="AD0ABF82-443D-9A0F-8A47-F69CC7B34421">
<createdBy>Administrator</createdBy>
<createdTime>2017-09-03 00:24:55 UTC</createdTime>
<ownerDesignName>work</ownerDesignName>
<engineerTo>
<item key="93C5B731-2A84-78CC-5FAC-DDA245CA99A1" value="true"/>
</engineerTo>
<sourcePk>CD32E9F4-DF6C-33A0-9C54-D2235260C6BF</sourcePk>
<identifying>true</identifying>
<optionalSource>true</optionalSource>
<optionalTarget>false</optionalTarget>
<sourceCardinality>1</sourceCardinality>
<sourceEntity>F7E904A1-EC63-47AA-7DFC-2DE894D06DB1</sourceEntity>
<targetCardinalityString>*</targetCardinalityString>
<targetEntity>6EFB84FB-F06C-0246-6B13-D6F2DF3674F4</targetEntity>
<transferable>true</transferable>
<deleteRule>NO ACTION</deleteRule>
</Relation>