<?xml version = '1.0' encoding = 'UTF-8'?>
<Relation class="oracle.dbtools.crest.model.design.logical.Relation" name="Relation_5" directorySegmentName="seg_0" id="EE218BF4-F05B-D466-CA2E-E5C8DF365D12">
<createdBy>Administrator</createdBy>
<createdTime>2017-09-03 00:26:29 UTC</createdTime>
<ownerDesignName>work</ownerDesignName>
<engineerTo>
<item key="93C5B731-2A84-78CC-5FAC-DDA245CA99A1" value="true"/>
</engineerTo>
<sourcePk>5B6A830A-A498-66B7-A322-B0001DDA37D9</sourcePk>
<identifying>false</identifying>
<optionalSource>true</optionalSource>
<optionalTarget>false</optionalTarget>
<sourceCardinality>1</sourceCardinality>
<sourceEntity>142A7EA6-7608-C9E1-721F-911DAD0420DE</sourceEntity>
<targetCardinalityString>*</targetCardinalityString>
<targetEntity>6EFB84FB-F06C-0246-6B13-D6F2DF3674F4</targetEntity>
<transferable>true</transferable>
<deleteRule>NO ACTION</deleteRule>
</Relation>