<?xml version = '1.0' encoding = 'UTF-8'?>
<FKIndexAssociation class="oracle.dbtools.crest.model.design.relational.FKIndexAssociation" directorySegmentName="seg_0" id="2C369063-0261-3FF5-E99F-76E0AAC646AC" containerWithKeyObject="751F4DC1-0C84-7A19-D99E-D9E9A7DA5A1B" localFKIndex="7AE9CF8E-C414-75D8-756E-71862DA71155" name="location_Carnival_FK">
<createdBy>Administrator</createdBy>
<createdTime>2017-09-02 11:11:47 UTC</createdTime>
<generatorID>20934DFE-D0D0-B7EA-B596-F7B67C7232C5</generatorID>
<ownerDesignName>solution</ownerDesignName>
<referredTableLongName>Carnival</referredTableLongName>
<deleteRule>NO ACTION</deleteRule>
<referredTableID>47A3FF0B-5924-05A3-60A1-84E166F3FD28</referredTableID>
<keyObject>022F14E7-917B-D1D6-6BE8-0119D50D5544</keyObject>
<referredKeyID>022F14E7-917B-D1D6-6BE8-0119D50D5544</referredKeyID>
<mandatory>true</mandatory>
<refColNames>date</refColNames>
<transferable>true</transferable>
<rely>false</rely>
<columnDependencyConstraintGenerateInDDL>true</columnDependencyConstraintGenerateInDDL>
</FKIndexAssociation>