<?xml version = '1.0' encoding = 'UTF-8'?>
<FKIndexAssociation class="oracle.dbtools.crest.model.design.relational.FKIndexAssociation" directorySegmentName="seg_0" id="5BEDC53D-30F1-5A21-ECDA-163A0206EC9A" containerWithKeyObject="C963B288-AAA9-5617-8615-34275959696B" localFKIndex="A143164C-F786-4970-9B96-07D300666532" name="Merchandise_Order_FK">
<createdBy>Administrator</createdBy>
<createdTime>2017-09-02 11:31:45 UTC</createdTime>
<generatorID>5D2DCB3D-47EE-6054-F537-668374841E94</generatorID>
<ownerDesignName>solution</ownerDesignName>
<referredTableLongName>Order</referredTableLongName>
<deleteRule>NO ACTION</deleteRule>
<referredTableID>547924E2-2199-7111-FF7C-7464DF77C46F</referredTableID>
<keyObject>EECEB8C8-BB3C-3C73-B4B0-3E8EFABDACD2</keyObject>
<referredKeyID>EECEB8C8-BB3C-3C73-B4B0-3E8EFABDACD2</referredKeyID>
<mandatory>true</mandatory>
<refColNames>order_number</refColNames>
<transferable>true</transferable>
<rely>false</rely>
<columnDependencyConstraintGenerateInDDL>true</columnDependencyConstraintGenerateInDDL>
</FKIndexAssociation>