<?xml version = '1.0' encoding = 'UTF-8'?>
<FKIndexAssociation class="oracle.dbtools.crest.model.design.relational.FKIndexAssociation" directorySegmentName="seg_0" id="9C07BBD5-2A03-F5A7-EAC8-B6EC74CF0C58" containerWithKeyObject="547924E2-2199-7111-FF7C-7464DF77C46F" localFKIndex="3314D53B-2F5A-C444-C84E-40B06893C4B4" name="Order_Volunteer_FK">
<createdBy>Administrator</createdBy>
<createdTime>2017-09-02 11:11:47 UTC</createdTime>
<generatorID>48FC97F5-A013-10C8-1C54-3F2ADE224794</generatorID>
<ownerDesignName>solution</ownerDesignName>
<referredTableLongName>Volunteer</referredTableLongName>
<deleteRule>NO ACTION</deleteRule>
<referredTableID>3684C4A3-91DD-F745-3867-49F927693DD2</referredTableID>
<keyObject>AD26F9AE-7A3E-1757-3E64-064C1FE89803</keyObject>
<referredKeyID>AD26F9AE-7A3E-1757-3E64-064C1FE89803</referredKeyID>
<mandatory>true</mandatory>
<refColNames>volunteer_number</refColNames>
<transferable>true</transferable>
<rely>false</rely>
<columnDependencyConstraintGenerateInDDL>true</columnDependencyConstraintGenerateInDDL>
</FKIndexAssociation>