<?xml version = '1.0' encoding = 'UTF-8'?>
<FKIndexAssociation class="oracle.dbtools.crest.model.design.relational.FKIndexAssociation" directorySegmentName="seg_0" id="D17C2838-4DA2-13D2-4DB8-A2183F8BDF5B" containerWithKeyObject="547924E2-2199-7111-FF7C-7464DF77C46F" localFKIndex="A1FBBA7F-5B97-7952-0316-93CAD77D864F" name="Order_Competitor_FK">
<createdBy>Administrator</createdBy>
<createdTime>2017-09-02 11:11:47 UTC</createdTime>
<generatorID>8D7E68FE-90ED-3CE0-2A63-9C4E8D22361B</generatorID>
<ownerDesignName>solution</ownerDesignName>
<referredTableLongName>Competitor</referredTableLongName>
<deleteRule>NO ACTION</deleteRule>
<referredTableID>234D9427-9529-2756-6F0C-BF5B24935DBE</referredTableID>
<keyObject>76DBD244-E00E-4B8E-4380-DAEFBB68DAAF</keyObject>
<referredKeyID>76DBD244-E00E-4B8E-4380-DAEFBB68DAAF</referredKeyID>
<mandatory>true</mandatory>
<refColNames>competitor_number</refColNames>
<transferable>true</transferable>
<rely>false</rely>
<columnDependencyConstraintGenerateInDDL>true</columnDependencyConstraintGenerateInDDL>
</FKIndexAssociation>