<?xml version = '1.0' encoding = 'UTF-8'?>
<Diagram class="oracle.dbtools.crest.swingui.relational.DPVRelational" name="Relation" id="5A8E4C7D-56C5-CF26-3D8E-0A29A0CE47CE">
<createdBy>Administrator</createdBy>
<modifiedBy>Administrator</modifiedBy>
<createdTime>2017-09-02 09:49:58 UTC</createdTime>
<autoRoute>false</autoRoute>
<boxInbox>true</boxInbox>
<showLegend>false</showLegend>
<showLabels>false</showLabels>
<showRelAttributes>false</showRelAttributes>
<gridEnabled>false</gridEnabled>
<showGrid>false</showGrid>
<diagramColor>-1</diagramColor>
<display>false</display>
<notation>1</notation>
<objectViews>
<OView class="oracle.dbtools.crest.swingui.relational.TVTable" oid="0CDBB8EA-D754-B348-736F-0E0AECD956FF" otype="Table" vid="6D8AB666-DFFA-ED19-9BB3-985A2B04C162">
<hideElementsInCurrentOnly>false</hideElementsInCurrentOnly>
<bounds x="506" y="230" width="170" height="110"/>
</OView>
<OView class="oracle.dbtools.crest.swingui.relational.TVTable" oid="23302D74-FE42-6650-5594-B015E2321B60" otype="Table" vid="9E5268DB-1F9C-2B16-C74D-D2B32CB50F1E">
<hideElementsInCurrentOnly>false</hideElementsInCurrentOnly>
<bounds x="520" y="43" width="170" height="110"/>
</OView>
<OView class="oracle.dbtools.crest.swingui.relational.TVTable" oid="234D9427-9529-2756-6F0C-BF5B24935DBE" otype="Table" vid="5C692978-D55D-8D4A-BBFF-D2AB7C2BA9C7">
<hideElementsInCurrentOnly>false</hideElementsInCurrentOnly>
<bounds x="723" y="67" width="170" height="110"/>
</OView>
<OView class="oracle.dbtools.crest.swingui.relational.TVTable" oid="3684C4A3-91DD-F745-3867-49F927693DD2" otype="Table" vid="59EB25CA-2000-08E3-4A23-4872BE9E0955">
<hideElementsInCurrentOnly>false</hideElementsInCurrentOnly>
<bounds x="575" y="432" width="170" height="110"/>
</OView>
<OView class="oracle.dbtools.crest.swingui.relational.TVTable" oid="47A3FF0B-5924-05A3-60A1-84E166F3FD28" otype="Table" vid="EFCE7E96-085C-DAB1-2410-71FBD2F51F16">
<hideElementsInCurrentOnly>false</hideElementsInCurrentOnly>
<bounds x="60" y="10" width="91" height="61"/>
</OView>
<OView class="oracle.dbtools.crest.swingui.relational.TVTable" oid="486E1525-CAE0-59AA-AF45-AC5944572F5B" otype="Table" vid="186F2FF9-1C99-E14C-CE50-BA2DC8BDD2DF">
<hideElementsInCurrentOnly>false</hideElementsInCurrentOnly>
<bounds x="304" y="246" width="170" height="110"/>
</OView>
<OView class="oracle.dbtools.crest.swingui.relational.TVTable" oid="547924E2-2199-7111-FF7C-7464DF77C46F" otype="Table" vid="5763F43C-FA91-D95A-F8D8-31984184CACE">
<hideElementsInCurrentOnly>false</hideElementsInCurrentOnly>
<bounds x="743" y="275" width="170" height="110"/>
</OView>
<OView class="oracle.dbtools.crest.swingui.relational.TVTable" oid="751F4DC1-0C84-7A19-D99E-D9E9A7DA5A1B" otype="Table" vid="0D7885F0-CB5B-3988-27E5-B5F67C35BAD0">
<hideElementsInCurrentOnly>false</hideElementsInCurrentOnly>
<bounds x="48" y="248" width="170" height="110"/>
</OView>
<OView class="oracle.dbtools.crest.swingui.relational.TVTable" oid="C963B288-AAA9-5617-8615-34275959696B" otype="Table" vid="0A44D549-7144-8843-8AA5-92968B9BB6AA">
<hideElementsInCurrentOnly>false</hideElementsInCurrentOnly>
<bounds x="875" y="427" width="170" height="110"/>
</OView>
</objectViews>
<connectors>
<Connector class="oracle.dbtools.crest.swingui.relational.TVFKRelation" oid="1D126E9A-7CFB-6425-B621-8BC469185A68" otype="FKIndexAssociation" vid_source="EFCE7E96-085C-DAB1-2410-71FBD2F51F16" vid_target="9E5268DB-1F9C-2B16-C74D-D2B32CB50F1E">
<hideElementsInCurrentOnly>false</hideElementsInCurrentOnly>
<lineWidth>1</lineWidth>
<points>
<point x="105" y="71"/>
<point x="520" y="120"/>
</points>
</Connector>
<Connector class="oracle.dbtools.crest.swingui.relational.TVFKRelation" oid="2C369063-0261-3FF5-E99F-76E0AAC646AC" otype="FKIndexAssociation" vid_source="EFCE7E96-085C-DAB1-2410-71FBD2F51F16" vid_target="0D7885F0-CB5B-3988-27E5-B5F67C35BAD0">
<hideElementsInCurrentOnly>false</hideElementsInCurrentOnly>
<lineWidth>1</lineWidth>
<points>
<point x="151" y="50"/>
<point x="218" y="248"/>
</points>
</Connector>
<Connector class="oracle.dbtools.crest.swingui.relational.TVFKRelation" oid="5BEDC53D-30F1-5A21-ECDA-163A0206EC9A" otype="FKIndexAssociation" vid_source="5763F43C-FA91-D95A-F8D8-31984184CACE" vid_target="0A44D549-7144-8843-8AA5-92968B9BB6AA">
<hideElementsInCurrentOnly>false</hideElementsInCurrentOnly>
<lineWidth>1</lineWidth>
<points>
<point x="743" y="385"/>
<point x="875" y="427"/>
</points>
</Connector>
<Connector class="oracle.dbtools.crest.swingui.relational.TVFKRelation" oid="83830F41-D395-5D64-C6F1-B95F8A676428" otype="FKIndexAssociation" vid_source="6D8AB666-DFFA-ED19-9BB3-985A2B04C162" vid_target="5C692978-D55D-8D4A-BBFF-D2AB7C2BA9C7">
<hideElementsInCurrentOnly>false</hideElementsInCurrentOnly>
<lineWidth>1</lineWidth>
<points>
<point x="506" y="340"/>
<point x="723" y="177"/>
</points>
</Connector>
<Connector class="oracle.dbtools.crest.swingui.relational.TVFKRelation" oid="88FA81B1-A577-8ED2-F9BA-016422DC57BE" otype="FKIndexAssociation" vid_source="9E5268DB-1F9C-2B16-C74D-D2B32CB50F1E" vid_target="6D8AB666-DFFA-ED19-9BB3-985A2B04C162">
<hideElementsInCurrentOnly>false</hideElementsInCurrentOnly>
<lineWidth>1</lineWidth>
<points>
<point x="520" y="153"/>
<point x="506" y="300"/>
</points>
</Connector>
<Connector class="oracle.dbtools.crest.swingui.relational.TVFKRelation" oid="9C07BBD5-2A03-F5A7-EAC8-B6EC74CF0C58" otype="FKIndexAssociation" vid_source="59EB25CA-2000-08E3-4A23-4872BE9E0955" vid_target="5763F43C-FA91-D95A-F8D8-31984184CACE">
<hideElementsInCurrentOnly>false</hideElementsInCurrentOnly>
<lineWidth>1</lineWidth>
<points>
<point x="575" y="542"/>
<point x="743" y="385"/>
</points>
</Connector>
<Connector class="oracle.dbtools.crest.swingui.relational.TVFKRelation" oid="D17C2838-4DA2-13D2-4DB8-A2183F8BDF5B" otype="FKIndexAssociation" vid_source="5C692978-D55D-8D4A-BBFF-D2AB7C2BA9C7" vid_target="5763F43C-FA91-D95A-F8D8-31984184CACE">
<hideElementsInCurrentOnly>false</hideElementsInCurrentOnly>
<lineWidth>1</lineWidth>
<points>
<point x="723" y="177"/>
<point x="743" y="385"/>
</points>
</Connector>
<Connector class="oracle.dbtools.crest.swingui.relational.TVFKRelation" oid="E1EB516F-6E8D-3CA0-CC67-97D2E5A1D1D0" otype="FKIndexAssociation" vid_source="EFCE7E96-085C-DAB1-2410-71FBD2F51F16" vid_target="186F2FF9-1C99-E14C-CE50-BA2DC8BDD2DF">
<hideElementsInCurrentOnly>false</hideElementsInCurrentOnly>
<lineWidth>1</lineWidth>
<points>
<point x="151" y="61"/>
<point x="304" y="246"/>
</points>
</Connector>
</connectors>
</Diagram>