<?xml version = '1.0' encoding = 'UTF-8'?>
<MultidimensionalDesign class="oracle.dbtools.crest.model.design.multidimensional.MultidimensionalDesign" name="Multidimensional_1" id="6EA839CD-AB7C-8DF8-5A5A-A13E68949D7B" mainViewID="0738F3D9-FA46-B01A-96E3-B080DA65DCCE" boundModel="F12E32F7-57E9-2B8A-A089-79903A6B5588">
<createdBy>Administrator</createdBy>
<createdTime>2017-09-02 11:30:28 UTC</createdTime>
<ownerDesignName>solution</ownerDesignName>
<shouldBeOpen>false</shouldBeOpen>
</MultidimensionalDesign>