<?xml version = '1.0' encoding = 'UTF-8'?>
<relationalModel class="oracle.dbtools.crest.model.design.relational.RelationalDesign" name="Relational_1" id="93C5B731-2A84-78CC-5FAC-DDA245CA99A1" mainViewID="B29B91A6-F153-7745-8EF8-67F3716EB1F4">
<createdBy>Administrator</createdBy>
<createdTime>2017-09-02 16:08:29 UTC</createdTime>
<ownerDesignName>work</ownerDesignName>
<shouldBeOpen>false</shouldBeOpen>
<selectedRDBMSSite>32076570-2523-435C-2E92-BF29817DFF70</selectedRDBMSSite>
</relationalModel>