<?xml version = '1.0' encoding = 'UTF-8'?>
<Relation class="oracle.dbtools.crest.model.design.logical.Relation" name="Relation_14" directorySegmentName="seg_0" id="48FC97F5-A013-10C8-1C54-3F2ADE224794">
<createdBy>Administrator</createdBy>
<createdTime>2017-09-02 11:07:12 UTC</createdTime>
<ownerDesignName>solution</ownerDesignName>
<engineerTo>
<item key="D42BBFA7-E6EB-5F76-B7D7-30538FDCBE1F" value="true"/>
</engineerTo>
<sourcePk>4D8FA1A5-1BEF-5880-6E64-68A6E15B4CF6</sourcePk>
<identifying>false</identifying>
<optionalSource>true</optionalSource>
<optionalTarget>false</optionalTarget>
<sourceCardinality>1</sourceCardinality>
<sourceEntity>2501003F-9E13-5D25-9CE4-4CEDB4FA584F</sourceEntity>
<targetCardinalityString>*</targetCardinalityString>
<targetEntity>580BDF0B-38D6-6AC0-B640-EA6FC3C066AB</targetEntity>
<transferable>true</transferable>
<deleteRule>NO ACTION</deleteRule>
</Relation>