<?xml version = '1.0' encoding = 'UTF-8'?>
<Relation class="oracle.dbtools.crest.model.design.logical.Relation" name="Relation_17" directorySegmentName="seg_0" id="5D2DCB3D-47EE-6054-F537-668374841E94">
<createdBy>Administrator</createdBy>
<createdTime>2017-09-02 11:26:55 UTC</createdTime>
<ownerDesignName>solution</ownerDesignName>
<engineerTo>
<item key="D42BBFA7-E6EB-5F76-B7D7-30538FDCBE1F" value="true"/>
</engineerTo>
<sourcePk>DAB42301-C646-987B-EEA4-75AD865A8B48</sourcePk>
<identifying>false</identifying>
<optionalSource>true</optionalSource>
<optionalTarget>false</optionalTarget>
<sourceCardinality>1</sourceCardinality>
<sourceEntity>580BDF0B-38D6-6AC0-B640-EA6FC3C066AB</sourceEntity>
<targetCardinalityString>*</targetCardinalityString>
<targetEntity>390FED20-4709-F06D-8514-EB249AE36889</targetEntity>
<transferable>true</transferable>
<deleteRule>NO ACTION</deleteRule>
</Relation>