<?xml version = '1.0' encoding = 'UTF-8'?>
<Relation class="oracle.dbtools.crest.model.design.logical.Relation" name="Relation_6" directorySegmentName="seg_0" id="88F9CABF-5471-752B-4627-D7BBC6E19A39">
<createdBy>Administrator</createdBy>
<createdTime>2017-09-02 10:41:45 UTC</createdTime>
<ownerDesignName>solution</ownerDesignName>
<engineerTo>
<item key="D42BBFA7-E6EB-5F76-B7D7-30538FDCBE1F" value="true"/>
</engineerTo>
<sourcePk>751BB315-7930-C67E-40D1-14C44994FAF9</sourcePk>
<identifying>false</identifying>
<optionalSource>true</optionalSource>
<optionalTarget>false</optionalTarget>
<sourceCardinality>1</sourceCardinality>
<sourceEntity>B38C043B-AA22-9EBA-DA8D-9DFE3FFE9E39</sourceEntity>
<targetCardinalityString>*</targetCardinalityString>
<targetEntity>355918B2-AC2D-E025-67C4-9D1F46C4DD36</targetEntity>
<transferable>true</transferable>
<deleteRule>NO ACTION</deleteRule>
</Relation>