<?xml version = '1.0' encoding = 'UTF-8'?>
<Relation class="oracle.dbtools.crest.model.design.logical.Relation" name="Relation_13" directorySegmentName="seg_0" id="8D7E68FE-90ED-3CE0-2A63-9C4E8D22361B">
<createdBy>Administrator</createdBy>
<createdTime>2017-09-02 11:06:47 UTC</createdTime>
<ownerDesignName>solution</ownerDesignName>
<engineerTo>
<item key="D42BBFA7-E6EB-5F76-B7D7-30538FDCBE1F" value="true"/>
</engineerTo>
<sourcePk>81C0E794-A091-76F2-C147-A5416B697587</sourcePk>
<identifying>false</identifying>
<optionalSource>true</optionalSource>
<optionalTarget>false</optionalTarget>
<sourceCardinality>1</sourceCardinality>
<sourceEntity>912582D8-0714-4461-770E-A0737D31F698</sourceEntity>
<targetCardinalityString>*</targetCardinalityString>
<targetEntity>580BDF0B-38D6-6AC0-B640-EA6FC3C066AB</targetEntity>
<transferable>true</transferable>
<deleteRule>NO ACTION</deleteRule>
</Relation>