<?xml version = '1.0' encoding = 'UTF-8'?>
<Relation class="oracle.dbtools.crest.model.design.logical.Relation" name="Relation_5" directorySegmentName="seg_0" id="E68BE080-BCF0-B180-F954-90FC671FEA3C">
<createdBy>Administrator</createdBy>
<createdTime>2017-09-02 10:41:09 UTC</createdTime>
<ownerDesignName>solution</ownerDesignName>
<engineerTo>
<item key="D42BBFA7-E6EB-5F76-B7D7-30538FDCBE1F" value="true"/>
</engineerTo>
<sourcePk>751BB315-7930-C67E-40D1-14C44994FAF9</sourcePk>
<identifying>false</identifying>
<optionalSource>true</optionalSource>
<optionalTarget>false</optionalTarget>
<sourceCardinality>1</sourceCardinality>
<sourceEntity>B38C043B-AA22-9EBA-DA8D-9DFE3FFE9E39</sourceEntity>
<targetCardinalityString>*</targetCardinalityString>
<targetEntity>A5D2C57D-63CE-3C8D-6A93-B161A97F5FC0</targetEntity>
<transferable>true</transferable>
<deleteRule>NO ACTION</deleteRule>
</Relation>