<?xml version = '1.0' encoding = 'UTF-8'?>
<Entity class="oracle.dbtools.crest.model.design.logical.Entity" directorySegmentName="seg_0" id="580BDF0B-38D6-6AC0-B640-EA6FC3C066AB" name="Order">
<createdBy>Administrator</createdBy>
<createdTime>2017-09-02 10:31:39 UTC</createdTime>
<ownerDesignName>solution</ownerDesignName>
<engineerTo>
<item key="D42BBFA7-E6EB-5F76-B7D7-30538FDCBE1F" value="true"/>
</engineerTo>
<adequatelyNormalized>NO</adequatelyNormalized>
<expectedVolumes>0</expectedVolumes>
<fwdEngineeringStrategyName>Single Table</fwdEngineeringStrategyName>
<growthPercent>0</growthPercent>
<growthType>Year</growthType>
<maxVolumes>9999999</maxVolumes>
<minVolumes>0</minVolumes>
<normalForm>Third</normalForm>
<attributes itemClass="oracle.dbtools.crest.model.design.logical.Attribute">
<Attribute name="order_number" id="C1F4D92A-9F82-3CE4-9FB2-3D417EE1C516">
<createdBy>Administrator</createdBy>
<createdTime>2017-09-02 10:31:49 UTC</createdTime>
<ownerDesignName>solution</ownerDesignName>
<engineerTo>
<item key="D42BBFA7-E6EB-5F76-B7D7-30538FDCBE1F" value="true"/>
</engineerTo>
<useDomainConstraints>false</useDomainConstraints>
<use>1</use>
<logicalDatatype>LOGDT024</logicalDatatype>
<dataTypeSize>5 CHAR</dataTypeSize>
<ownDataTypeParameters>5 CHAR,,</ownDataTypeParameters>
</Attribute>
<Attribute name="order_date" id="8AD99346-DF40-63EC-0F18-C47DC585A4BF">
<createdBy>Administrator</createdBy>
<createdTime>2017-09-02 10:31:58 UTC</createdTime>
<ownerDesignName>solution</ownerDesignName>
<engineerTo>
<item key="D42BBFA7-E6EB-5F76-B7D7-30538FDCBE1F" value="true"/>
</engineerTo>
<useDomainConstraints>false</useDomainConstraints>
<use>1</use>
<logicalDatatype>LOGDT008</logicalDatatype>
<ownDataTypeParameters>,,</ownDataTypeParameters>
</Attribute>
<Attribute name="carnival_date" id="328C5907-7733-659C-D959-9DEA33419496">
<createdBy>Administrator</createdBy>
<createdTime>2017-09-02 10:32:04 UTC</createdTime>
<ownerDesignName>solution</ownerDesignName>
<engineerTo>
<item key="D42BBFA7-E6EB-5F76-B7D7-30538FDCBE1F" value="true"/>
</engineerTo>
<useDomainConstraints>false</useDomainConstraints>
<use>1</use>
<logicalDatatype>LOGDT024</logicalDatatype>
<dataTypeSize>20 CHAR</dataTypeSize>
<ownDataTypeParameters>20 CHAR,,</ownDataTypeParameters>
</Attribute>
<Attribute name="competitor_number" id="6445F3A4-F4B1-B121-92A5-16B5EB526471">
<createdBy>Administrator</createdBy>
<createdTime>2017-09-02 11:06:47 UTC</createdTime>
<generatorID>8D7E68FE-90ED-3CE0-2A63-9C4E8D22361B</generatorID>
<ownerDesignName>solution</ownerDesignName>
<engineerTo>
<item key="D42BBFA7-E6EB-5F76-B7D7-30538FDCBE1F" value="true"/>
</engineerTo>
<referedAttribute>20D1EC7F-BD9D-DB96-202B-85E64E42A053</referedAttribute>
<useDomainConstraints>false</useDomainConstraints>
<use>1</use>
<logicalDatatype>LOGDT024</logicalDatatype>
<dataTypeSize>5 CHAR</dataTypeSize>
<ownDataTypeParameters>,,</ownDataTypeParameters>
</Attribute>
<Attribute name="volunteer_number" id="DDC23D4C-2D79-2026-5914-9C60FD1F6CD3">
<createdBy>Administrator</createdBy>
<createdTime>2017-09-02 11:07:12 UTC</createdTime>
<generatorID>48FC97F5-A013-10C8-1C54-3F2ADE224794</generatorID>
<ownerDesignName>solution</ownerDesignName>
<engineerTo>
<item key="D42BBFA7-E6EB-5F76-B7D7-30538FDCBE1F" value="true"/>
</engineerTo>
<referedAttribute>116E4706-DB10-2E4C-4656-1F2EC2A16F6F</referedAttribute>
<useDomainConstraints>false</useDomainConstraints>
<use>1</use>
<logicalDatatype>LOGDT024</logicalDatatype>
<dataTypeSize>5 CHAR</dataTypeSize>
<ownDataTypeParameters>,,</ownDataTypeParameters>
</Attribute>
</attributes>
<identifiers itemClass="oracle.dbtools.crest.model.design.logical.CandidateKey">
<identifier id="DAB42301-C646-987B-EEA4-75AD865A8B48" name="Order PK">
<createdBy>Administrator</createdBy>
<createdTime>2017-09-02 10:31:56 UTC</createdTime>
<ownerDesignName>solution</ownerDesignName>
<shouldEngineer>false</shouldEngineer>
<engineerTo>
<item key="D42BBFA7-E6EB-5F76-B7D7-30538FDCBE1F" value="false"/>
</engineerTo>
<pk>true</pk>
<usedAttributes>
<attributeRef>C1F4D92A-9F82-3CE4-9FB2-3D417EE1C516</attributeRef>
</usedAttributes>
</identifier>
</identifiers>
</Entity>