<?xml version = '1.0' encoding = 'UTF-8'?>
<Entity class="oracle.dbtools.crest.model.design.logical.Entity" directorySegmentName="seg_0" id="912582D8-0714-4461-770E-A0737D31F698" name="Competitor">
<createdBy>Administrator</createdBy>
<createdTime>2017-09-02 10:07:46 UTC</createdTime>
<ownerDesignName>solution</ownerDesignName>
<engineerTo>
<item key="D42BBFA7-E6EB-5F76-B7D7-30538FDCBE1F" value="true"/>
</engineerTo>
<adequatelyNormalized>NO</adequatelyNormalized>
<expectedVolumes>0</expectedVolumes>
<fwdEngineeringStrategyName>Single Table</fwdEngineeringStrategyName>
<growthPercent>0</growthPercent>
<growthType>Year</growthType>
<maxVolumes>9999999</maxVolumes>
<minVolumes>0</minVolumes>
<normalForm>Third</normalForm>
<attributes itemClass="oracle.dbtools.crest.model.design.logical.Attribute">
<Attribute name="competitor_number" id="20D1EC7F-BD9D-DB96-202B-85E64E42A053">
<createdBy>Administrator</createdBy>
<createdTime>2017-09-02 10:08:05 UTC</createdTime>
<ownerDesignName>solution</ownerDesignName>
<engineerTo>
<item key="D42BBFA7-E6EB-5F76-B7D7-30538FDCBE1F" value="true"/>
</engineerTo>
<useDomainConstraints>false</useDomainConstraints>
<use>1</use>
<logicalDatatype>LOGDT024</logicalDatatype>
<dataTypeSize>5 CHAR</dataTypeSize>
<ownDataTypeParameters>5 CHAR,,</ownDataTypeParameters>
</Attribute>
<Attribute name="firstname" id="7F7E1487-2ABC-6136-7C2E-62D86B569BD9">
<createdBy>Administrator</createdBy>
<createdTime>2017-09-02 10:08:43 UTC</createdTime>
<ownerDesignName>solution</ownerDesignName>
<engineerTo>
<item key="D42BBFA7-E6EB-5F76-B7D7-30538FDCBE1F" value="true"/>
</engineerTo>
<useDomainConstraints>false</useDomainConstraints>
<use>1</use>
<logicalDatatype>LOGDT024</logicalDatatype>
<dataTypeSize>25 CHAR</dataTypeSize>
<ownDataTypeParameters>25 CHAR,,</ownDataTypeParameters>
</Attribute>
<Attribute name="lastname" id="868C4B6D-F8A2-7C43-AA35-BFE884281AA2">
<createdBy>Administrator</createdBy>
<createdTime>2017-09-02 10:08:58 UTC</createdTime>
<ownerDesignName>solution</ownerDesignName>
<engineerTo>
<item key="D42BBFA7-E6EB-5F76-B7D7-30538FDCBE1F" value="true"/>
</engineerTo>
<useDomainConstraints>false</useDomainConstraints>
<use>1</use>
<logicalDatatype>LOGDT024</logicalDatatype>
<dataTypeSize>25 CHAR</dataTypeSize>
<ownDataTypeParameters>25 CHAR,,</ownDataTypeParameters>
</Attribute>
<Attribute name="gender" id="3B9E4850-368A-9D28-98EF-ABDED63C955C">
<createdBy>Administrator</createdBy>
<createdTime>2017-09-02 10:09:25 UTC</createdTime>
<ownerDesignName>solution</ownerDesignName>
<engineerTo>
<item key="D42BBFA7-E6EB-5F76-B7D7-30538FDCBE1F" value="true"/>
</engineerTo>
<useDomainConstraints>false</useDomainConstraints>
<use>1</use>
<logicalDatatype>LOGDT006</logicalDatatype>
<dataTypeSize>1</dataTypeSize>
<ownDataTypeParameters>1,,</ownDataTypeParameters>
</Attribute>
<Attribute name="birthday" id="27DB9D27-771B-DF1B-ABB9-309D058C3865">
<createdBy>Administrator</createdBy>
<createdTime>2017-09-02 10:09:37 UTC</createdTime>
<ownerDesignName>solution</ownerDesignName>
<engineerTo>
<item key="D42BBFA7-E6EB-5F76-B7D7-30538FDCBE1F" value="true"/>
</engineerTo>
<useDomainConstraints>false</useDomainConstraints>
<use>1</use>
<logicalDatatype>LOGDT008</logicalDatatype>
<ownDataTypeParameters>,,</ownDataTypeParameters>
</Attribute>
<Attribute name="email" id="928169AD-3736-0676-05AE-2CBAE512EC27">
<createdBy>Administrator</createdBy>
<createdTime>2017-09-02 10:10:20 UTC</createdTime>
<ownerDesignName>solution</ownerDesignName>
<engineerTo>
<item key="D42BBFA7-E6EB-5F76-B7D7-30538FDCBE1F" value="true"/>
</engineerTo>
<useDomainConstraints>false</useDomainConstraints>
<use>1</use>
<logicalDatatype>LOGDT024</logicalDatatype>
<dataTypeSize>30 CHAR</dataTypeSize>
<ownDataTypeParameters>30 CHAR,,</ownDataTypeParameters>
</Attribute>
<Attribute name="isStudent" id="82213198-1D06-CBC3-52D9-B49A5FD49E43">
<createdBy>Administrator</createdBy>
<createdTime>2017-09-02 10:10:54 UTC</createdTime>
<ownerDesignName>solution</ownerDesignName>
<engineerTo>
<item key="D42BBFA7-E6EB-5F76-B7D7-30538FDCBE1F" value="true"/>
</engineerTo>
<useDomainConstraints>false</useDomainConstraints>
<use>1</use>
<logicalDatatype>LOGDT006</logicalDatatype>
<dataTypeSize>1 BYTE</dataTypeSize>
<ownDataTypeParameters>1 BYTE,,</ownDataTypeParameters>
</Attribute>
<Attribute name="mobile" id="F33CACEF-5A21-AAC9-87C8-159092BE4E1B">
<createdBy>Administrator</createdBy>
<createdTime>2017-09-02 10:12:45 UTC</createdTime>
<ownerDesignName>solution</ownerDesignName>
<engineerTo>
<item key="D42BBFA7-E6EB-5F76-B7D7-30538FDCBE1F" value="true"/>
</engineerTo>
<useDomainConstraints>false</useDomainConstraints>
<use>1</use>
<logicalDatatype>LOGDT024</logicalDatatype>
<dataTypeSize>20 CHAR</dataTypeSize>
<ownDataTypeParameters>20 CHAR,,</ownDataTypeParameters>
</Attribute>
<Attribute name="medical_condition" id="2EFE3173-537F-8202-8C17-106DA7DA310E">
<createdBy>Administrator</createdBy>
<createdTime>2017-09-02 10:52:25 UTC</createdTime>
<ownerDesignName>solution</ownerDesignName>
<engineerTo>
<item key="D42BBFA7-E6EB-5F76-B7D7-30538FDCBE1F" value="true"/>
</engineerTo>
<useDomainConstraints>false</useDomainConstraints>
<use>1</use>
<logicalDatatype>LOGDT006</logicalDatatype>
<dataTypeSize>1</dataTypeSize>
<ownDataTypeParameters>1,,</ownDataTypeParameters>
</Attribute>
<Attribute name="medical_areas" id="9438B98F-28AC-B737-703F-AF97B95930B5">
<createdBy>Administrator</createdBy>
<createdTime>2017-09-02 10:52:45 UTC</createdTime>
<ownerDesignName>solution</ownerDesignName>
<engineerTo>
<item key="D42BBFA7-E6EB-5F76-B7D7-30538FDCBE1F" value="true"/>
</engineerTo>
<nullsAllowed>true</nullsAllowed>
<useDomainConstraints>false</useDomainConstraints>
<use>3</use>
<structuredType>47E390DE-0671-C4B1-8428-0F45CBEE18F8</structuredType>
<ownDataTypeParameters>,,</ownDataTypeParameters>
</Attribute>
<Attribute name="ec_firstname" id="68DBFA62-0408-2D3D-995E-1D8A17954FAA">
<createdBy>Administrator</createdBy>
<createdTime>2017-09-02 10:53:10 UTC</createdTime>
<ownerDesignName>solution</ownerDesignName>
<engineerTo>
<item key="D42BBFA7-E6EB-5F76-B7D7-30538FDCBE1F" value="true"/>
</engineerTo>
<nullsAllowed>true</nullsAllowed>
<useDomainConstraints>false</useDomainConstraints>
<use>1</use>
<logicalDatatype>LOGDT024</logicalDatatype>
<dataTypeSize>20</dataTypeSize>
<ownDataTypeParameters>20,,</ownDataTypeParameters>
</Attribute>
<Attribute name="ec_lastname" id="90112613-DBF6-A647-CFC5-93921E31F2F5">
<createdBy>Administrator</createdBy>
<createdTime>2017-09-02 10:53:26 UTC</createdTime>
<ownerDesignName>solution</ownerDesignName>
<engineerTo>
<item key="D42BBFA7-E6EB-5F76-B7D7-30538FDCBE1F" value="true"/>
</engineerTo>
<useDomainConstraints>false</useDomainConstraints>
<use>1</use>
<logicalDatatype>LOGDT024</logicalDatatype>
<dataTypeSize>20</dataTypeSize>
<ownDataTypeParameters>20,,</ownDataTypeParameters>
</Attribute>
<Attribute name="ec_phone" id="2D3A6DFC-F8D0-DBC7-7331-F593863339E3">
<createdBy>Administrator</createdBy>
<createdTime>2017-09-02 10:53:55 UTC</createdTime>
<ownerDesignName>solution</ownerDesignName>
<engineerTo>
<item key="D42BBFA7-E6EB-5F76-B7D7-30538FDCBE1F" value="true"/>
</engineerTo>
<useDomainConstraints>false</useDomainConstraints>
<use>1</use>
<logicalDatatype>LOGDT024</logicalDatatype>
<dataTypeSize>20</dataTypeSize>
<ownDataTypeParameters>20,,</ownDataTypeParameters>
</Attribute>
<Attribute name="ec_relationship" id="C56F69C5-0357-617E-358D-269AAD4153BF">
<createdBy>Administrator</createdBy>
<createdTime>2017-09-02 10:54:10 UTC</createdTime>
<ownerDesignName>solution</ownerDesignName>
<engineerTo>
<item key="D42BBFA7-E6EB-5F76-B7D7-30538FDCBE1F" value="true"/>
</engineerTo>
<useDomainConstraints>false</useDomainConstraints>
<use>1</use>
<logicalDatatype>LOGDT024</logicalDatatype>
<dataTypeSize>20</dataTypeSize>
<ownDataTypeParameters>20,,</ownDataTypeParameters>
</Attribute>
<Attribute name="g_firstname" id="CF0A2C1A-2B84-96A2-A66F-D5DE8C284232">
<createdBy>Administrator</createdBy>
<createdTime>2017-09-02 10:55:18 UTC</createdTime>
<ownerDesignName>solution</ownerDesignName>
<engineerTo>
<item key="D42BBFA7-E6EB-5F76-B7D7-30538FDCBE1F" value="true"/>
</engineerTo>
<useDomainConstraints>false</useDomainConstraints>
<use>1</use>
<logicalDatatype>LOGDT024</logicalDatatype>
<dataTypeSize>20</dataTypeSize>
<ownDataTypeParameters>20,,</ownDataTypeParameters>
</Attribute>
<Attribute name="g_lastname" id="BD04A547-58D5-DFC3-3E7A-BF8FED01156C">
<createdBy>Administrator</createdBy>
<createdTime>2017-09-02 10:55:49 UTC</createdTime>
<ownerDesignName>solution</ownerDesignName>
<engineerTo>
<item key="D42BBFA7-E6EB-5F76-B7D7-30538FDCBE1F" value="true"/>
</engineerTo>
<useDomainConstraints>false</useDomainConstraints>
<use>1</use>
<logicalDatatype>LOGDT024</logicalDatatype>
<dataTypeSize>20</dataTypeSize>
<ownDataTypeParameters>20,,</ownDataTypeParameters>
</Attribute>
<Attribute name="g_phone" id="AD09F9EA-9B23-08AA-AA49-3D364C4E4AB4">
<createdBy>Administrator</createdBy>
<createdTime>2017-09-02 10:56:08 UTC</createdTime>
<ownerDesignName>solution</ownerDesignName>
<engineerTo>
<item key="D42BBFA7-E6EB-5F76-B7D7-30538FDCBE1F" value="true"/>
</engineerTo>
<useDomainConstraints>false</useDomainConstraints>
<use>1</use>
<logicalDatatype>LOGDT024</logicalDatatype>
<dataTypeSize>20</dataTypeSize>
<ownDataTypeParameters>20,,</ownDataTypeParameters>
</Attribute>
<Attribute name="competitor_number1" id="3D8CD6B1-B72B-DB0A-53A6-5DFD49A17F29">
<createdBy>Administrator</createdBy>
<createdTime>2017-09-02 11:06:20 UTC</createdTime>
<generatorID>9C0B1CC9-4129-DF10-2AE5-DA69CDE524DF</generatorID>
<ownerDesignName>solution</ownerDesignName>
<engineerTo>
<item key="D42BBFA7-E6EB-5F76-B7D7-30538FDCBE1F" value="true"/>
</engineerTo>
<referedAttribute>E72F5DE0-6D36-7990-0E36-B3F35D6A583C</referedAttribute>
<useDomainConstraints>false</useDomainConstraints>
<use>1</use>
<logicalDatatype>LOGDT024</logicalDatatype>
<dataTypeSize>5</dataTypeSize>
<ownDataTypeParameters>,,</ownDataTypeParameters>
</Attribute>
</attributes>
<identifiers itemClass="oracle.dbtools.crest.model.design.logical.CandidateKey">
<identifier id="81C0E794-A091-76F2-C147-A5416B697587" name="Competitor PK">
<createdBy>Administrator</createdBy>
<createdTime>2017-09-02 10:08:28 UTC</createdTime>
<ownerDesignName>solution</ownerDesignName>
<shouldEngineer>false</shouldEngineer>
<engineerTo>
<item key="D42BBFA7-E6EB-5F76-B7D7-30538FDCBE1F" value="false"/>
</engineerTo>
<pk>true</pk>
<usedAttributes>
<attributeRef>20D1EC7F-BD9D-DB96-202B-85E64E42A053</attributeRef>
</usedAttributes>
</identifier>
</identifiers>
</Entity>