<?xml version = '1.0' encoding = 'UTF-8'?>
<Entity class="oracle.dbtools.crest.model.design.logical.Entity" directorySegmentName="seg_0" id="B38C043B-AA22-9EBA-DA8D-9DFE3FFE9E39" name="Carnival">
<createdBy>Administrator</createdBy>
<createdTime>2017-09-02 09:35:23 UTC</createdTime>
<ownerDesignName>solution</ownerDesignName>
<engineerTo>
<item key="D42BBFA7-E6EB-5F76-B7D7-30538FDCBE1F" value="true"/>
</engineerTo>
<adequatelyNormalized>NO</adequatelyNormalized>
<expectedVolumes>0</expectedVolumes>
<fwdEngineeringStrategyName>Single Table</fwdEngineeringStrategyName>
<growthPercent>0</growthPercent>
<growthType>Year</growthType>
<maxVolumes>9999999</maxVolumes>
<minVolumes>0</minVolumes>
<normalForm>Third</normalForm>
<attributes itemClass="oracle.dbtools.crest.model.design.logical.Attribute">
<Attribute name="date" id="09C5571F-B24B-3F96-C19B-DA51007DEEE8">
<createdBy>Administrator</createdBy>
<createdTime>2017-09-02 09:56:38 UTC</createdTime>
<ownerDesignName>solution</ownerDesignName>
<engineerTo>
<item key="D42BBFA7-E6EB-5F76-B7D7-30538FDCBE1F" value="true"/>
</engineerTo>
<useDomainConstraints>false</useDomainConstraints>
<use>1</use>
<logicalDatatype>LOGDT024</logicalDatatype>
<dataTypeSize>25 CHAR</dataTypeSize>
<ownDataTypeParameters>25 CHAR,,</ownDataTypeParameters>
</Attribute>
<Attribute name="director" id="2A7669F4-47AA-AC01-51CC-B2A141443444">
<createdBy>Administrator</createdBy>
<createdTime>2017-09-02 09:58:23 UTC</createdTime>
<ownerDesignName>solution</ownerDesignName>
<engineerTo>
<item key="D42BBFA7-E6EB-5F76-B7D7-30538FDCBE1F" value="true"/>
</engineerTo>
<useDomainConstraints>false</useDomainConstraints>
<use>1</use>
<logicalDatatype>LOGDT024</logicalDatatype>
<dataTypeSize>20 CHAR</dataTypeSize>
<ownDataTypeParameters>20 CHAR,,</ownDataTypeParameters>
</Attribute>
</attributes>
<identifiers itemClass="oracle.dbtools.crest.model.design.logical.CandidateKey">
<identifier id="751BB315-7930-C67E-40D1-14C44994FAF9" name="date">
<createdBy>Administrator</createdBy>
<createdTime>2017-09-02 09:57:22 UTC</createdTime>
<ownerDesignName>solution</ownerDesignName>
<shouldEngineer>false</shouldEngineer>
<engineerTo>
<item key="D42BBFA7-E6EB-5F76-B7D7-30538FDCBE1F" value="false"/>
</engineerTo>
<pk>true</pk>
<newElementsIDs>09C5571F-B24B-3F96-C19B-DA51007DEEE8</newElementsIDs>
<usedAttributes>
<attributeRef>09C5571F-B24B-3F96-C19B-DA51007DEEE8</attributeRef>
</usedAttributes>
</identifier>
</identifiers>
</Entity>