<?xml version = '1.0' encoding = 'UTF-8'?>
<Entity class="oracle.dbtools.crest.model.design.logical.Entity" directorySegmentName="seg_0" id="D3127994-4D20-7AEF-9C32-3B1123A0BE0C" name="location">
<createdBy>Administrator</createdBy>
<createdTime>2017-09-02 10:00:14 UTC</createdTime>
<ownerDesignName>solution</ownerDesignName>
<engineerTo>
<item key="D42BBFA7-E6EB-5F76-B7D7-30538FDCBE1F" value="true"/>
</engineerTo>
<adequatelyNormalized>NO</adequatelyNormalized>
<expectedVolumes>0</expectedVolumes>
<fwdEngineeringStrategyName>Single Table</fwdEngineeringStrategyName>
<growthPercent>0</growthPercent>
<growthType>Year</growthType>
<maxVolumes>9999999</maxVolumes>
<minVolumes>0</minVolumes>
<normalForm>Third</normalForm>
<attributes itemClass="oracle.dbtools.crest.model.design.logical.Attribute">
<Attribute name="name" id="1946A69A-06AE-F8A1-B69E-71ACE5FAB20F">
<createdBy>Administrator</createdBy>
<createdTime>2017-09-02 10:01:00 UTC</createdTime>
<ownerDesignName>solution</ownerDesignName>
<engineerTo>
<item key="D42BBFA7-E6EB-5F76-B7D7-30538FDCBE1F" value="true"/>
</engineerTo>
<useDomainConstraints>false</useDomainConstraints>
<use>1</use>
<logicalDatatype>LOGDT024</logicalDatatype>
<dataTypeSize>20 CHAR</dataTypeSize>
<ownDataTypeParameters>20 CHAR,,</ownDataTypeParameters>
</Attribute>
<Attribute name="date" id="492925D4-A107-8979-0CEB-7FF6F40CF6F8">
<createdBy>Administrator</createdBy>
<createdTime>2017-09-02 10:37:08 UTC</createdTime>
<generatorID>20934DFE-D0D0-B7EA-B596-F7B67C7232C5</generatorID>
<ownerDesignName>solution</ownerDesignName>
<engineerTo>
<item key="D42BBFA7-E6EB-5F76-B7D7-30538FDCBE1F" value="true"/>
</engineerTo>
<referedAttribute>09C5571F-B24B-3F96-C19B-DA51007DEEE8</referedAttribute>
<useDomainConstraints>false</useDomainConstraints>
<use>1</use>
<logicalDatatype>LOGDT024</logicalDatatype>
<dataTypeSize>25 CHAR</dataTypeSize>
<ownDataTypeParameters>,,</ownDataTypeParameters>
</Attribute>
</attributes>
<identifiers itemClass="oracle.dbtools.crest.model.design.logical.CandidateKey">
<identifier id="24B33782-96A5-ED89-63EF-B606B5C205E2" name="location PK">
<createdBy>Administrator</createdBy>
<createdTime>2017-09-02 10:01:12 UTC</createdTime>
<ownerDesignName>solution</ownerDesignName>
<shouldEngineer>false</shouldEngineer>
<engineerTo>
<item key="D42BBFA7-E6EB-5F76-B7D7-30538FDCBE1F" value="false"/>
</engineerTo>
<pk>true</pk>
<usedAttributes>
<attributeRef>1946A69A-06AE-F8A1-B69E-71ACE5FAB20F</attributeRef>
</usedAttributes>
</identifier>
</identifiers>
</Entity>