<?xml version = '1.0' encoding = 'UTF-8'?>
<Entity class="oracle.dbtools.crest.model.design.logical.Entity" directorySegmentName="seg_0" id="20210F57-8BC5-5965-6F3B-91CFBFDB1D68" name="Item">
<createdBy>Administrator</createdBy>
<createdTime>2017-09-03 02:41:12 UTC</createdTime>
<ownerDesignName>solution</ownerDesignName>
<engineerTo>
<item key="D42BBFA7-E6EB-5F76-B7D7-30538FDCBE1F" value="true"/>
</engineerTo>
<adequatelyNormalized>NO</adequatelyNormalized>
<expectedVolumes>0</expectedVolumes>
<fwdEngineeringStrategyName>Single Table</fwdEngineeringStrategyName>
<growthPercent>0</growthPercent>
<growthType>Year</growthType>
<maxVolumes>9999999</maxVolumes>
<minVolumes>0</minVolumes>
<normalForm>Third</normalForm>
<attributes itemClass="oracle.dbtools.crest.model.design.logical.Attribute">
<Attribute name="item_code" id="6027D607-0DEE-762A-9E89-995986F5EAA0">
<createdBy>Administrator</createdBy>
<createdTime>2017-09-03 02:41:19 UTC</createdTime>
<commentInRDBMS>item code</commentInRDBMS>
<ownerDesignName>solution</ownerDesignName>
<engineerTo>
<item key="D42BBFA7-E6EB-5F76-B7D7-30538FDCBE1F" value="true"/>
</engineerTo>
<useDomainConstraints>false</useDomainConstraints>
<use>1</use>
<logicalDatatype>LOGDT024</logicalDatatype>
<dataTypeSize>20 CHAR</dataTypeSize>
<ownDataTypeParameters>20 CHAR,,</ownDataTypeParameters>
</Attribute>
<Attribute name="item_description" id="177926A6-33DD-83FA-08F1-9413DDE4ECE3">
<createdBy>Administrator</createdBy>
<createdTime>2017-09-03 02:41:37 UTC</createdTime>
<commentInRDBMS>item description</commentInRDBMS>
<ownerDesignName>solution</ownerDesignName>
<engineerTo>
<item key="D42BBFA7-E6EB-5F76-B7D7-30538FDCBE1F" value="true"/>
</engineerTo>
<useDomainConstraints>false</useDomainConstraints>
<use>1</use>
<logicalDatatype>LOGDT024</logicalDatatype>
<dataTypeSize>40</dataTypeSize>
<ownDataTypeParameters>40,,</ownDataTypeParameters>
</Attribute>
<Attribute name="cost" id="97B55F72-E60C-B2D1-5684-A1CF9FFFA0AD">
<createdBy>Administrator</createdBy>
<createdTime>2017-09-03 02:41:59 UTC</createdTime>
<commentInRDBMS>item cost</commentInRDBMS>
<ownerDesignName>solution</ownerDesignName>
<engineerTo>
<item key="D42BBFA7-E6EB-5F76-B7D7-30538FDCBE1F" value="true"/>
</engineerTo>
<useDomainConstraints>false</useDomainConstraints>
<use>1</use>
<logicalDatatype>LOGDT021</logicalDatatype>
<dataTypeScale>2</dataTypeScale>
<ownDataTypeParameters>,,2</ownDataTypeParameters>
</Attribute>
</attributes>
<identifiers itemClass="oracle.dbtools.crest.model.design.logical.CandidateKey">
<identifier id="EC3BE187-D7A3-BBC6-BD93-72F239B0FD77" name="Item PK">
<createdBy>Administrator</createdBy>
<createdTime>2017-09-03 02:41:24 UTC</createdTime>
<ownerDesignName>solution</ownerDesignName>
<engineerTo>
<item key="D42BBFA7-E6EB-5F76-B7D7-30538FDCBE1F" value="true"/>
</engineerTo>
<pk>true</pk>
<usedAttributes>
<attributeRef>6027D607-0DEE-762A-9E89-995986F5EAA0</attributeRef>
</usedAttributes>
</identifier>
</identifiers>
</Entity>