<?xml version = '1.0' encoding = 'UTF-8'?>
<Entity class="oracle.dbtools.crest.model.design.logical.Entity" directorySegmentName="seg_0" id="31DEB36E-98E2-4529-A961-DA8E75AB6E9E" name="Entry">
<createdBy>Administrator</createdBy>
<createdTime>2017-09-02 10:28:54 UTC</createdTime>
<ownerDesignName>solution</ownerDesignName>
<engineerTo>
<item key="D42BBFA7-E6EB-5F76-B7D7-30538FDCBE1F" value="true"/>
</engineerTo>
<adequatelyNormalized>NO</adequatelyNormalized>
<expectedVolumes>0</expectedVolumes>
<fwdEngineeringStrategyName>Single Table</fwdEngineeringStrategyName>
<growthPercent>0</growthPercent>
<growthType>Year</growthType>
<maxVolumes>9999999</maxVolumes>
<minVolumes>0</minVolumes>
<normalForm>Third</normalForm>
<attributes itemClass="oracle.dbtools.crest.model.design.logical.Attribute">
<Attribute name="competitor_number" id="E72F5DE0-6D36-7990-0E36-B3F35D6A583C">
<createdBy>Administrator</createdBy>
<createdTime>2017-09-02 10:29:11 UTC</createdTime>
<commentInRDBMS>competitor number</commentInRDBMS>
<ownerDesignName>solution</ownerDesignName>
<engineerTo>
<item key="D42BBFA7-E6EB-5F76-B7D7-30538FDCBE1F" value="true"/>
</engineerTo>
<useDomainConstraints>false</useDomainConstraints>
<use>1</use>
<logicalDatatype>LOGDT024</logicalDatatype>
<dataTypeSize>5</dataTypeSize>
<ownDataTypeParameters>5,,</ownDataTypeParameters>
</Attribute>
<Attribute name="teamname" id="2315E9B8-A3CA-9F0B-F1FF-E64BEEEEF7B2">
<createdBy>Administrator</createdBy>
<createdTime>2017-09-02 10:30:31 UTC</createdTime>
<commentInRDBMS>team name</commentInRDBMS>
<ownerDesignName>solution</ownerDesignName>
<engineerTo>
<item key="D42BBFA7-E6EB-5F76-B7D7-30538FDCBE1F" value="true"/>
</engineerTo>
<nullsAllowed>true</nullsAllowed>
<useDomainConstraints>false</useDomainConstraints>
<use>1</use>
<logicalDatatype>LOGDT024</logicalDatatype>
<dataTypeSize>20</dataTypeSize>
<ownDataTypeParameters>20,,</ownDataTypeParameters>
</Attribute>
<Attribute name="event_name" id="A3AA1AEF-A4D1-C4A2-B64E-A8496E4C23C6">
<createdBy>Administrator</createdBy>
<createdTime>2017-09-02 11:05:24 UTC</createdTime>
<commentInRDBMS>event name</commentInRDBMS>
<generatorID>E5A20323-5FDE-D6E8-2BC6-F1CA4D627521</generatorID>
<ownerDesignName>solution</ownerDesignName>
<engineerTo>
<item key="D42BBFA7-E6EB-5F76-B7D7-30538FDCBE1F" value="true"/>
</engineerTo>
<referedAttribute>0D69F8F0-35AD-2D94-5BBF-914C47A03066</referedAttribute>
<useDomainConstraints>false</useDomainConstraints>
<use>1</use>
<logicalDatatype>LOGDT024</logicalDatatype>
<dataTypeSize>30 CHAR</dataTypeSize>
<ownDataTypeParameters>,,</ownDataTypeParameters>
</Attribute>
<Attribute name="enumber" id="E162F085-DBCD-940F-2A80-1CA0A834D4F6">
<createdBy>Administrator</createdBy>
<createdTime>2017-09-03 02:31:03 UTC</createdTime>
<commentInRDBMS>entry number</commentInRDBMS>
<ownerDesignName>solution</ownerDesignName>
<engineerTo>
<item key="D42BBFA7-E6EB-5F76-B7D7-30538FDCBE1F" value="true"/>
</engineerTo>
<useDomainConstraints>false</useDomainConstraints>
<use>1</use>
<logicalDatatype>LOGDT024</logicalDatatype>
<ownDataTypeParameters>,,</ownDataTypeParameters>
</Attribute>
</attributes>
<identifiers itemClass="oracle.dbtools.crest.model.design.logical.CandidateKey">
<identifier id="DA7C0806-6447-3D18-C684-879861531D8F" name="Entry PK">
<createdBy>Administrator</createdBy>
<createdTime>2017-09-02 10:29:29 UTC</createdTime>
<ownerDesignName>solution</ownerDesignName>
<engineerTo>
<item key="D42BBFA7-E6EB-5F76-B7D7-30538FDCBE1F" value="true"/>
</engineerTo>
<pk>true</pk>
<usedAttributes>
<attributeRef>E162F085-DBCD-940F-2A80-1CA0A834D4F6</attributeRef>
</usedAttributes>
</identifier>
</identifiers>
</Entity>