<?xml version = '1.0' encoding = 'UTF-8'?>
<Entity class="oracle.dbtools.crest.model.design.logical.Entity" directorySegmentName="seg_0" id="390FED20-4709-F06D-8514-EB249AE36889" name="Merchandise">
<createdBy>Administrator</createdBy>
<createdTime>2017-09-02 10:33:45 UTC</createdTime>
<ownerDesignName>solution</ownerDesignName>
<engineerTo>
<item key="D42BBFA7-E6EB-5F76-B7D7-30538FDCBE1F" value="true"/>
</engineerTo>
<adequatelyNormalized>NO</adequatelyNormalized>
<expectedVolumes>0</expectedVolumes>
<fwdEngineeringStrategyName>Single Table</fwdEngineeringStrategyName>
<growthPercent>0</growthPercent>
<growthType>Year</growthType>
<maxVolumes>9999999</maxVolumes>
<minVolumes>0</minVolumes>
<normalForm>Third</normalForm>
<attributes itemClass="oracle.dbtools.crest.model.design.logical.Attribute">
<Attribute name="qty" id="98978E74-7F51-605D-CF11-08B691F57D12">
<createdBy>Administrator</createdBy>
<createdTime>2017-09-02 10:35:11 UTC</createdTime>
<ownerDesignName>solution</ownerDesignName>
<engineerTo>
<item key="D42BBFA7-E6EB-5F76-B7D7-30538FDCBE1F" value="true"/>
</engineerTo>
<useDomainConstraints>false</useDomainConstraints>
<use>1</use>
<logicalDatatype>LOGDT011</logicalDatatype>
<ownDataTypeParameters>,,</ownDataTypeParameters>
</Attribute>
<Attribute name="line_cost" id="0B601ADB-4AC2-3A6A-CF34-F1231D4C07D2">
<createdBy>Administrator</createdBy>
<createdTime>2017-09-02 10:35:36 UTC</createdTime>
<ownerDesignName>solution</ownerDesignName>
<engineerTo>
<item key="D42BBFA7-E6EB-5F76-B7D7-30538FDCBE1F" value="true"/>
</engineerTo>
<useDomainConstraints>false</useDomainConstraints>
<use>1</use>
<logicalDatatype>LOGDT021</logicalDatatype>
<ownDataTypeParameters>,,</ownDataTypeParameters>
</Attribute>
<Attribute name="order_number1" id="0D9687DC-F78E-CC8D-7749-0BF6707B132A">
<createdBy>Administrator</createdBy>
<createdTime>2017-09-03 02:44:17 UTC</createdTime>
<generatorID>6AD1CA19-CE7C-604B-AAC8-7AE80B52AEA2</generatorID>
<ownerDesignName>solution</ownerDesignName>
<engineerTo>
<item key="D42BBFA7-E6EB-5F76-B7D7-30538FDCBE1F" value="true"/>
</engineerTo>
<referedAttribute>C1F4D92A-9F82-3CE4-9FB2-3D417EE1C516</referedAttribute>
<useDomainConstraints>false</useDomainConstraints>
<use>1</use>
<logicalDatatype>LOGDT024</logicalDatatype>
<dataTypeSize>5 CHAR</dataTypeSize>
<ownDataTypeParameters>,,</ownDataTypeParameters>
</Attribute>
<Attribute name="item_code2" id="6A285139-B013-B01C-900C-D64CA32AD7C8">
<createdBy>Administrator</createdBy>
<createdTime>2017-09-03 02:46:57 UTC</createdTime>
<generatorID>FF5E1347-9457-11DD-9BB8-0B3BDBEE6617</generatorID>
<ownerDesignName>solution</ownerDesignName>
<engineerTo>
<item key="D42BBFA7-E6EB-5F76-B7D7-30538FDCBE1F" value="true"/>
</engineerTo>
<referedAttribute>6027D607-0DEE-762A-9E89-995986F5EAA0</referedAttribute>
<useDomainConstraints>false</useDomainConstraints>
<use>1</use>
<logicalDatatype>LOGDT024</logicalDatatype>
<dataTypeSize>20 CHAR</dataTypeSize>
<ownDataTypeParameters>,,</ownDataTypeParameters>
</Attribute>
</attributes>
<identifiers itemClass="oracle.dbtools.crest.model.design.logical.CandidateKey">
<identifier id="A7C3521C-5B50-97AF-F67B-476121B0C73C" name="Merchandise PK">
<createdBy>Administrator</createdBy>
<createdTime>2017-09-02 10:33:58 UTC</createdTime>
<ownerDesignName>solution</ownerDesignName>
<engineerTo>
<item key="D42BBFA7-E6EB-5F76-B7D7-30538FDCBE1F" value="true"/>
</engineerTo>
<pk>true</pk>
<usedAttributes>
<attributeRef>0D9687DC-F78E-CC8D-7749-0BF6707B132A</attributeRef>
<attributeRef>6A285139-B013-B01C-900C-D64CA32AD7C8</attributeRef>
</usedAttributes>
</identifier>
</identifiers>
</Entity>