<?xml version = '1.0' encoding = 'UTF-8'?>
<Entity class="oracle.dbtools.crest.model.design.logical.Entity" directorySegmentName="seg_0" id="A5D2C57D-63CE-3C8D-6A93-B161A97F5FC0" name="Sponsor">
<createdBy>Administrator</createdBy>
<createdTime>2017-09-02 10:02:21 UTC</createdTime>
<ownerDesignName>solution</ownerDesignName>
<engineerTo>
<item key="D42BBFA7-E6EB-5F76-B7D7-30538FDCBE1F" value="true"/>
</engineerTo>
<adequatelyNormalized>NO</adequatelyNormalized>
<expectedVolumes>0</expectedVolumes>
<fwdEngineeringStrategyName>Single Table</fwdEngineeringStrategyName>
<growthPercent>0</growthPercent>
<growthType>Year</growthType>
<maxVolumes>9999999</maxVolumes>
<minVolumes>0</minVolumes>
<normalForm>Third</normalForm>
<attributes itemClass="oracle.dbtools.crest.model.design.logical.Attribute">
<Attribute name="sponsor_name" id="8539EB41-306D-0191-D327-9491305FEA2A">
<createdBy>Administrator</createdBy>
<createdTime>2017-09-02 10:02:54 UTC</createdTime>
<commentInRDBMS>sponsor name</commentInRDBMS>
<ownerDesignName>solution</ownerDesignName>
<engineerTo>
<item key="D42BBFA7-E6EB-5F76-B7D7-30538FDCBE1F" value="true"/>
</engineerTo>
<useDomainConstraints>false</useDomainConstraints>
<use>1</use>
<logicalDatatype>LOGDT024</logicalDatatype>
<dataTypeSize>25 CHAR</dataTypeSize>
<ownDataTypeParameters>25 CHAR,,</ownDataTypeParameters>
</Attribute>
<Attribute name="isNaming" id="11277205-4F99-884D-C955-973C8431044A">
<createdBy>Administrator</createdBy>
<createdTime>2017-09-02 10:03:59 UTC</createdTime>
<commentInRDBMS>Naming Sponsor </commentInRDBMS>
<ownerDesignName>solution</ownerDesignName>
<engineerTo>
<item key="D42BBFA7-E6EB-5F76-B7D7-30538FDCBE1F" value="true"/>
</engineerTo>
<useDomainConstraints>false</useDomainConstraints>
<use>1</use>
<logicalDatatype>LOGDT006</logicalDatatype>
<dataTypeSize>1</dataTypeSize>
<ownDataTypeParameters>1,,</ownDataTypeParameters>
</Attribute>
<Attribute name="Amount" id="18E9C40E-CF06-86C8-4773-DB9DC770805E">
<createdBy>Administrator</createdBy>
<createdTime>2017-09-02 10:04:38 UTC</createdTime>
<commentInRDBMS>Amount of Sponsorship</commentInRDBMS>
<ownerDesignName>solution</ownerDesignName>
<engineerTo>
<item key="D42BBFA7-E6EB-5F76-B7D7-30538FDCBE1F" value="true"/>
</engineerTo>
<useDomainConstraints>false</useDomainConstraints>
<use>1</use>
<logicalDatatype>LOGDT021</logicalDatatype>
<ownDataTypeParameters>,,</ownDataTypeParameters>
</Attribute>
<Attribute name="contact" id="FA0EDAF6-6F8C-1219-0211-9E75DDEB6BAE">
<createdBy>Administrator</createdBy>
<createdTime>2017-09-02 10:05:04 UTC</createdTime>
<commentInRDBMS>Sponsor Contact </commentInRDBMS>
<ownerDesignName>solution</ownerDesignName>
<engineerTo>
<item key="D42BBFA7-E6EB-5F76-B7D7-30538FDCBE1F" value="true"/>
</engineerTo>
<useDomainConstraints>false</useDomainConstraints>
<use>1</use>
<logicalDatatype>LOGDT024</logicalDatatype>
<dataTypeSize>25 CHAR</dataTypeSize>
<ownDataTypeParameters>25 CHAR,,</ownDataTypeParameters>
</Attribute>
<Attribute name="phone" id="57DAEA73-B551-1CE7-F7E4-D70A62513E9E">
<createdBy>Administrator</createdBy>
<createdTime>2017-09-02 10:05:35 UTC</createdTime>
<commentInRDBMS>Sponsor Phone Contact </commentInRDBMS>
<ownerDesignName>solution</ownerDesignName>
<engineerTo>
<item key="D42BBFA7-E6EB-5F76-B7D7-30538FDCBE1F" value="true"/>
</engineerTo>
<useDomainConstraints>false</useDomainConstraints>
<use>1</use>
<logicalDatatype>LOGDT024</logicalDatatype>
<dataTypeSize>20 CHAR</dataTypeSize>
<ownDataTypeParameters>20 CHAR,,</ownDataTypeParameters>
</Attribute>
<Attribute name="carnival_date" id="D8F2C6D1-8CEC-83F0-55DF-DB473B346022">
<createdBy>Administrator</createdBy>
<createdTime>2017-09-02 10:41:09 UTC</createdTime>
<commentInRDBMS>carnival date, foreign key</commentInRDBMS>
<generatorID>E68BE080-BCF0-B180-F954-90FC671FEA3C</generatorID>
<ownerDesignName>solution</ownerDesignName>
<engineerTo>
<item key="D42BBFA7-E6EB-5F76-B7D7-30538FDCBE1F" value="true"/>
</engineerTo>
<referedAttribute>09C5571F-B24B-3F96-C19B-DA51007DEEE8</referedAttribute>
<useDomainConstraints>false</useDomainConstraints>
<use>1</use>
<logicalDatatype>LOGDT024</logicalDatatype>
<dataTypeSize>25 CHAR</dataTypeSize>
<ownDataTypeParameters>,,</ownDataTypeParameters>
</Attribute>
</attributes>
<identifiers itemClass="oracle.dbtools.crest.model.design.logical.CandidateKey">
<identifier id="8B068141-E9D1-4716-0571-46ADEF1E17DC" name="Sponsor PK">
<createdBy>Administrator</createdBy>
<createdTime>2017-09-02 10:03:27 UTC</createdTime>
<ownerDesignName>solution</ownerDesignName>
<shouldEngineer>false</shouldEngineer>
<engineerTo>
<item key="D42BBFA7-E6EB-5F76-B7D7-30538FDCBE1F" value="false"/>
</engineerTo>
<pk>true</pk>
<usedAttributes>
<attributeRef>8539EB41-306D-0191-D327-9491305FEA2A</attributeRef>
</usedAttributes>
</identifier>
</identifiers>
</Entity>