<?xml version = '1.0' encoding = 'UTF-8'?>
<FKIndexAssociation class="oracle.dbtools.crest.model.design.relational.FKIndexAssociation" directorySegmentName="seg_0" id="18115796-5882-8445-66E9-88FBC635F137" containerWithKeyObject="4CB7A5E4-9EFE-779E-0B7C-8FCC22724959" localFKIndex="1299BE61-ECA1-39B5-7894-94086283E6D3" name="ENTRY_CARNIVAL_FK">
<createdBy>Administrator</createdBy>
<createdTime>2017-09-03 00:32:30 UTC</createdTime>
<generatorID>2CF1C801-B41F-2E70-3443-A033D367F053</generatorID>
<ownerDesignName>work</ownerDesignName>
<referredTableLongName>CARNIVAL</referredTableLongName>
<deleteRule>NO ACTION</deleteRule>
<referredTableID>02D99DB6-6432-2698-B0FC-D8CCC81FCE0E</referredTableID>
<keyObject>A02F0675-C074-95D5-7C22-3C850ACBA70A</keyObject>
<referredKeyID>A02F0675-C074-95D5-7C22-3C850ACBA70A</referredKeyID>
<mandatory>true</mandatory>
<refColNames>date</refColNames>
<transferable>true</transferable>
<rely>false</rely>
<columnDependencyConstraintGenerateInDDL>true</columnDependencyConstraintGenerateInDDL>
</FKIndexAssociation>