<?xml version = '1.0' encoding = 'UTF-8'?>
<FKIndexAssociation class="oracle.dbtools.crest.model.design.relational.FKIndexAssociation" directorySegmentName="seg_0" id="33721EB4-E5C8-4188-4A4D-040201DF21B0" containerWithKeyObject="50BC3DE8-2B99-87E6-54A7-F94DABBAB4AB" localFKIndex="8CBD129E-847D-6667-DE46-387CCC72B1C4" name="MERCHANDIISE_ITEM_FK">
<createdBy>Administrator</createdBy>
<createdTime>2017-09-03 00:32:30 UTC</createdTime>
<generatorID>EE218BF4-F05B-D466-CA2E-E5C8DF365D12</generatorID>
<ownerDesignName>work</ownerDesignName>
<referredTableLongName>ITEM</referredTableLongName>
<deleteRule>NO ACTION</deleteRule>
<referredTableID>B4A1E2D7-2322-463F-95D7-C5C312B19D8E</referredTableID>
<keyObject>8FFE981A-3817-BE44-A741-8DD083F91625</keyObject>
<referredKeyID>8FFE981A-3817-BE44-A741-8DD083F91625</referredKeyID>
<mandatory>true</mandatory>
<refColNames>itemcode</refColNames>
<transferable>true</transferable>
<rely>false</rely>
<columnDependencyConstraintGenerateInDDL>true</columnDependencyConstraintGenerateInDDL>
</FKIndexAssociation>