<?xml version = '1.0' encoding = 'UTF-8'?>
<FKIndexAssociation class="oracle.dbtools.crest.model.design.relational.FKIndexAssociation" directorySegmentName="seg_0" id="5DE80DA4-EE04-08E8-AB29-72D39CF7F471" containerWithKeyObject="5CB9BAE5-260F-39E8-0F9E-6162A26D234F" localFKIndex="23B418B0-06EB-4179-7A28-4C03362A3CBE" name="ORDER_VOLUNTEER_FK">
<createdBy>Administrator</createdBy>
<createdTime>2017-09-03 00:32:30 UTC</createdTime>
<generatorID>A0AB3F17-5BAE-722E-5DBB-DA70586580F5</generatorID>
<ownerDesignName>work</ownerDesignName>
<referredTableLongName>VOLUNTEER</referredTableLongName>
<deleteRule>NO ACTION</deleteRule>
<referredTableID>BA0E95B8-8C19-1B65-AC89-D607CD017F11</referredTableID>
<keyObject>2D1AB66C-6177-6A5B-69A8-2562B10FBEC8</keyObject>
<referredKeyID>2D1AB66C-6177-6A5B-69A8-2562B10FBEC8</referredKeyID>
<mandatory>true</mandatory>
<refColNames>vnumber</refColNames>
<transferable>true</transferable>
<rely>false</rely>
<columnDependencyConstraintGenerateInDDL>true</columnDependencyConstraintGenerateInDDL>
</FKIndexAssociation>