<?xml version = '1.0' encoding = 'UTF-8'?>
<FKIndexAssociation class="oracle.dbtools.crest.model.design.relational.FKIndexAssociation" directorySegmentName="seg_0" id="63ADFF9F-2847-20FC-3983-990E9B50CA1C" containerWithKeyObject="0FC84620-AE8B-E527-683C-000E7E247FEC" localFKIndex="84F39F54-8F4C-93F6-EC51-918CEBF01B14" name="SPONSOR_CARNIVAL_FK">
<createdBy>Administrator</createdBy>
<createdTime>2017-09-03 00:32:30 UTC</createdTime>
<comment>carnivals contains serval sponsors</comment>
<generatorID>99E462B7-31A9-20AC-C30C-CFB044E9E8F3</generatorID>
<ownerDesignName>work</ownerDesignName>
<referredTableLongName>CARNIVAL</referredTableLongName>
<deleteRule>NO ACTION</deleteRule>
<referredTableID>02D99DB6-6432-2698-B0FC-D8CCC81FCE0E</referredTableID>
<keyObject>A02F0675-C074-95D5-7C22-3C850ACBA70A</keyObject>
<referredKeyID>A02F0675-C074-95D5-7C22-3C850ACBA70A</referredKeyID>
<mandatory>true</mandatory>
<refColNames>date</refColNames>
<transferable>true</transferable>
<rely>false</rely>
<columnDependencyConstraintGenerateInDDL>true</columnDependencyConstraintGenerateInDDL>
</FKIndexAssociation>