<?xml version = '1.0' encoding = 'UTF-8'?>
<FKIndexAssociation class="oracle.dbtools.crest.model.design.relational.FKIndexAssociation" directorySegmentName="seg_0" id="716C5772-77F3-ED6A-C175-D5AC8270B6C2" containerWithKeyObject="5CB9BAE5-260F-39E8-0F9E-6162A26D234F" localFKIndex="A25859E4-840F-CFF2-BB45-51282F480186" name="ORDER_COMPETITOR_FK">
<createdBy>Administrator</createdBy>
<createdTime>2017-09-03 00:32:30 UTC</createdTime>
<comment>competitor may has several orders</comment>
<generatorID>0E1B2484-CC92-6FB0-7BE2-425F5D5BC79C</generatorID>
<ownerDesignName>work</ownerDesignName>
<referredTableLongName>COMPETITOR</referredTableLongName>
<deleteRule>NO ACTION</deleteRule>
<referredTableID>E4B1B1DC-BE59-F6B6-3E38-CD88045FBA8A</referredTableID>
<keyObject>D9A01741-9A6E-5C97-D0A5-3AFA101C519A</keyObject>
<referredKeyID>D9A01741-9A6E-5C97-D0A5-3AFA101C519A</referredKeyID>
<mandatory>true</mandatory>
<refColNames>cnumber</refColNames>
<transferable>true</transferable>
<rely>false</rely>
<columnDependencyConstraintGenerateInDDL>true</columnDependencyConstraintGenerateInDDL>
</FKIndexAssociation>