<?xml version = '1.0' encoding = 'UTF-8'?>
<FKIndexAssociation class="oracle.dbtools.crest.model.design.relational.FKIndexAssociation" directorySegmentName="seg_0" id="9CB243D7-2257-AEED-82F7-69715810BFFF" containerWithKeyObject="E4B1B1DC-BE59-F6B6-3E38-CD88045FBA8A" localFKIndex="85881C2B-29E2-3F95-B483-DA9C2B8AC565" name="COMPETITOR_ENTRY_FK">
<createdBy>Administrator</createdBy>
<createdTime>2017-09-03 00:32:30 UTC</createdTime>
<generatorID>00BCB921-1E9E-60BA-21FF-021AF72FC5FE</generatorID>
<ownerDesignName>work</ownerDesignName>
<referredTableLongName>ENTRY</referredTableLongName>
<deleteRule>NO ACTION</deleteRule>
<referredTableID>4CB7A5E4-9EFE-779E-0B7C-8FCC22724959</referredTableID>
<keyObject>7C951CED-16FC-2CFA-E68A-54E6A2005CD6</keyObject>
<referredKeyID>7C951CED-16FC-2CFA-E68A-54E6A2005CD6</referredKeyID>
<mandatory>true</mandatory>
<refColNames>enumber</refColNames>
<transferable>true</transferable>
<rely>false</rely>
<columnDependencyConstraintGenerateInDDL>true</columnDependencyConstraintGenerateInDDL>
</FKIndexAssociation>