<?xml version = '1.0' encoding = 'UTF-8'?>
<FKIndexAssociation class="oracle.dbtools.crest.model.design.relational.FKIndexAssociation" directorySegmentName="seg_0" id="B8ED8DAA-63D4-1EBB-E99E-E7B862B62CDD" containerWithKeyObject="50BC3DE8-2B99-87E6-54A7-F94DABBAB4AB" localFKIndex="3E33E0F2-570E-1CB0-E3AE-0DABACB4697C" name="MERCHANDIISE_ORDER_FK">
<createdBy>Administrator</createdBy>
<createdTime>2017-09-03 00:32:30 UTC</createdTime>
<generatorID>AD0ABF82-443D-9A0F-8A47-F69CC7B34421</generatorID>
<ownerDesignName>work</ownerDesignName>
<referredTableLongName>ORDER</referredTableLongName>
<deleteRule>NO ACTION</deleteRule>
<referredTableID>5CB9BAE5-260F-39E8-0F9E-6162A26D234F</referredTableID>
<keyObject>211A4110-0A85-CC41-E52E-C6E75EF62140</keyObject>
<referredKeyID>211A4110-0A85-CC41-E52E-C6E75EF62140</referredKeyID>
<mandatory>true</mandatory>
<refColNames>ordernumber</refColNames>
<transferable>true</transferable>
<rely>false</rely>
<columnDependencyConstraintGenerateInDDL>true</columnDependencyConstraintGenerateInDDL>
</FKIndexAssociation>