<?xml version = '1.0' encoding = 'UTF-8'?>
<Table class="oracle.dbtools.crest.model.design.relational.Table" directorySegmentName="seg_0" id="23302D74-FE42-6650-5594-B015E2321B60" name="Event">
<createdBy>Administrator</createdBy>
<createdTime>2017-09-02 11:11:47 UTC</createdTime>
<generatorID>355918B2-AC2D-E025-67C4-9D1F46C4DD36</generatorID>
<ownerDesignName>solution</ownerDesignName>
<allowColumnReorder>false</allowColumnReorder>
<existDependencyGenerateInDDl>true</existDependencyGenerateInDDl>
<parsed>true</parsed>
<columns itemClass="oracle.dbtools.crest.model.design.relational.Column">
<Column name="event_name" id="C6D36283-FB4F-C19B-7041-B188D8315E4A">
<createdBy>Administrator</createdBy>
<createdTime>2017-09-02 11:11:47 UTC</createdTime>
<generatorID>0D69F8F0-35AD-2D94-5BBF-914C47A03066</generatorID>
<ownerDesignName>solution</ownerDesignName>
<useDomainConstraints>false</useDomainConstraints>
<use>1</use>
<logicalDatatype>LOGDT024</logicalDatatype>
<dataTypeSize>30 CHAR</dataTypeSize>
<ownDataTypeParameters>30 CHAR,,</ownDataTypeParameters>
<autoIncrementCycle>false</autoIncrementCycle>
</Column>
<Column name="Carnival_date" id="7A899B69-35F8-CB41-D3B9-B3A53A4C1947">
<createdBy>Administrator</createdBy>
<createdTime>2017-09-02 11:11:47 UTC</createdTime>
<generatorID>B5ACF9FA-E1F9-9824-B5B8-AF67F668E5AC</generatorID>
<ownerDesignName>solution</ownerDesignName>
<useDomainConstraints>false</useDomainConstraints>
<use>1</use>
<logicalDatatype>LOGDT024</logicalDatatype>
<dataTypeSize>25 CHAR</dataTypeSize>
<ownDataTypeParameters>,,</ownDataTypeParameters>
<previousColumn>false</previousColumn>
<autoIncrementCycle>false</autoIncrementCycle>
<associations>
<colAssociation fkAssociation="1D126E9A-7CFB-6425-B621-8BC469185A68" referredColumn="F5EC9FB9-B02D-2CBE-0EAA-E96EB5ED2A5D"/>
</associations>
</Column>
</columns>
<indexes itemClass="oracle.dbtools.crest.model.design.relational.Index">
<ind_PK_UK id="7DF653A7-9F04-494D-4405-94BD377058C3" name="Event_PK">
<createdBy>Administrator</createdBy>
<createdTime>2017-09-02 11:11:47 UTC</createdTime>
<generatorID>47C75331-A59D-C24C-6B88-DA9669192AB9</generatorID>
<ownerDesignName>solution</ownerDesignName>
<pk>true</pk>
<indexState>Primary Constraint</indexState>
<isSurrogateKey>false</isSurrogateKey>
<indexColumnUsage>
<colUsage columnID="C6D36283-FB4F-C19B-7041-B188D8315E4A"/>
</indexColumnUsage>
</ind_PK_UK>
<ind_PK_UK id="F7E59A29-D048-0EB5-EC6B-C9EBC6EA003A" name="Event_Carnival_FK">
<createdBy>Administrator</createdBy>
<createdTime>2017-09-02 11:11:47 UTC</createdTime>
<generatorID>88F9CABF-5471-752B-4627-D7BBC6E19A39</generatorID>
<ownerDesignName>solution</ownerDesignName>
<indexState>Foreign Key</indexState>
<isSurrogateKey>false</isSurrogateKey>
<indexColumnUsage>
<colUsage columnID="7A899B69-35F8-CB41-D3B9-B3A53A4C1947"/>
</indexColumnUsage>
</ind_PK_UK>
</indexes>
</Table>