<?xml version = '1.0' encoding = 'UTF-8'?>
<Table class="oracle.dbtools.crest.model.design.relational.Table" directorySegmentName="seg_0" id="234D9427-9529-2756-6F0C-BF5B24935DBE" name="Competitor">
<createdBy>Administrator</createdBy>
<createdTime>2017-09-02 11:11:47 UTC</createdTime>
<generatorID>912582D8-0714-4461-770E-A0737D31F698</generatorID>
<ownerDesignName>solution</ownerDesignName>
<allowColumnReorder>false</allowColumnReorder>
<existDependencyGenerateInDDl>true</existDependencyGenerateInDDl>
<parsed>true</parsed>
<columns itemClass="oracle.dbtools.crest.model.design.relational.Column">
<Column name="competitor_number" id="19A6A727-EA56-6318-CED0-1C61F7C7A988">
<createdBy>Administrator</createdBy>
<createdTime>2017-09-02 11:11:47 UTC</createdTime>
<generatorID>20D1EC7F-BD9D-DB96-202B-85E64E42A053</generatorID>
<ownerDesignName>solution</ownerDesignName>
<useDomainConstraints>false</useDomainConstraints>
<use>1</use>
<logicalDatatype>LOGDT024</logicalDatatype>
<dataTypeSize>5 CHAR</dataTypeSize>
<ownDataTypeParameters>5 CHAR,,</ownDataTypeParameters>
<autoIncrementCycle>false</autoIncrementCycle>
</Column>
<Column name="firstname" id="D742B5A1-DFB1-6F2C-2A6D-642925F0501B">
<createdBy>Administrator</createdBy>
<createdTime>2017-09-02 11:11:47 UTC</createdTime>
<generatorID>7F7E1487-2ABC-6136-7C2E-62D86B569BD9</generatorID>
<ownerDesignName>solution</ownerDesignName>
<useDomainConstraints>false</useDomainConstraints>
<use>1</use>
<logicalDatatype>LOGDT024</logicalDatatype>
<dataTypeSize>25 CHAR</dataTypeSize>
<ownDataTypeParameters>25 CHAR,,</ownDataTypeParameters>
<autoIncrementCycle>false</autoIncrementCycle>
</Column>
<Column name="lastname" id="D24C10AF-B023-F03A-97C3-60355A7FD983">
<createdBy>Administrator</createdBy>
<createdTime>2017-09-02 11:11:47 UTC</createdTime>
<generatorID>868C4B6D-F8A2-7C43-AA35-BFE884281AA2</generatorID>
<ownerDesignName>solution</ownerDesignName>
<useDomainConstraints>false</useDomainConstraints>
<use>1</use>
<logicalDatatype>LOGDT024</logicalDatatype>
<dataTypeSize>25 CHAR</dataTypeSize>
<ownDataTypeParameters>25 CHAR,,</ownDataTypeParameters>
<autoIncrementCycle>false</autoIncrementCycle>
</Column>
<Column name="gender" id="54C45634-3723-809A-8149-043CDC0F62AD">
<createdBy>Administrator</createdBy>
<createdTime>2017-09-02 11:11:47 UTC</createdTime>
<generatorID>3B9E4850-368A-9D28-98EF-ABDED63C955C</generatorID>
<ownerDesignName>solution</ownerDesignName>
<useDomainConstraints>false</useDomainConstraints>
<use>1</use>
<logicalDatatype>LOGDT006</logicalDatatype>
<dataTypeSize>1</dataTypeSize>
<ownDataTypeParameters>1,,</ownDataTypeParameters>
<autoIncrementCycle>false</autoIncrementCycle>
</Column>
<Column name="birthday" id="A51974C0-5F7A-1094-E36E-4EA33462C8AD">
<createdBy>Administrator</createdBy>
<createdTime>2017-09-02 11:11:47 UTC</createdTime>
<generatorID>27DB9D27-771B-DF1B-ABB9-309D058C3865</generatorID>
<ownerDesignName>solution</ownerDesignName>
<useDomainConstraints>false</useDomainConstraints>
<use>1</use>
<logicalDatatype>LOGDT008</logicalDatatype>
<ownDataTypeParameters>,,</ownDataTypeParameters>
<autoIncrementCycle>false</autoIncrementCycle>
</Column>
<Column name="email" id="3BAC91AC-4E5F-6CD2-DB67-93757C7D5292">
<createdBy>Administrator</createdBy>
<createdTime>2017-09-02 11:11:47 UTC</createdTime>
<generatorID>928169AD-3736-0676-05AE-2CBAE512EC27</generatorID>
<ownerDesignName>solution</ownerDesignName>
<useDomainConstraints>false</useDomainConstraints>
<use>1</use>
<logicalDatatype>LOGDT024</logicalDatatype>
<dataTypeSize>30 CHAR</dataTypeSize>
<ownDataTypeParameters>30 CHAR,,</ownDataTypeParameters>
<autoIncrementCycle>false</autoIncrementCycle>
</Column>
<Column name="isStudent" id="A6213C8D-3BA1-8060-A627-C55C7A18B659">
<createdBy>Administrator</createdBy>
<createdTime>2017-09-02 11:11:47 UTC</createdTime>
<generatorID>82213198-1D06-CBC3-52D9-B49A5FD49E43</generatorID>
<ownerDesignName>solution</ownerDesignName>
<useDomainConstraints>false</useDomainConstraints>
<use>1</use>
<logicalDatatype>LOGDT006</logicalDatatype>
<dataTypeSize>1 BYTE</dataTypeSize>
<ownDataTypeParameters>1 BYTE,,</ownDataTypeParameters>
<autoIncrementCycle>false</autoIncrementCycle>
</Column>
<Column name="mobile" id="60E576E9-6072-1431-3C8B-F834AFC1A022">
<createdBy>Administrator</createdBy>
<createdTime>2017-09-02 11:11:47 UTC</createdTime>
<generatorID>F33CACEF-5A21-AAC9-87C8-159092BE4E1B</generatorID>
<ownerDesignName>solution</ownerDesignName>
<useDomainConstraints>false</useDomainConstraints>
<use>1</use>
<logicalDatatype>LOGDT024</logicalDatatype>
<dataTypeSize>20 CHAR</dataTypeSize>
<ownDataTypeParameters>20 CHAR,,</ownDataTypeParameters>
<autoIncrementCycle>false</autoIncrementCycle>
</Column>
<Column name="medical_condition" id="0E94A748-231B-0110-B86E-86AC7FFF312D">
<createdBy>Administrator</createdBy>
<createdTime>2017-09-02 11:11:47 UTC</createdTime>
<generatorID>2EFE3173-537F-8202-8C17-106DA7DA310E</generatorID>
<ownerDesignName>solution</ownerDesignName>
<useDomainConstraints>false</useDomainConstraints>
<use>1</use>
<logicalDatatype>LOGDT006</logicalDatatype>
<dataTypeSize>1</dataTypeSize>
<ownDataTypeParameters>1,,</ownDataTypeParameters>
<autoIncrementCycle>false</autoIncrementCycle>
</Column>
<Column name="medical_areas" id="0C3AE8CF-2DF0-14BA-142A-A935C2D57C3E">
<createdBy>Administrator</createdBy>
<createdTime>2017-09-02 11:11:47 UTC</createdTime>
<generatorID>9438B98F-28AC-B737-703F-AF97B95930B5</generatorID>
<ownerDesignName>solution</ownerDesignName>
<nullsAllowed>true</nullsAllowed>
<useDomainConstraints>false</useDomainConstraints>
<use>3</use>
<structuredType>47E390DE-0671-C4B1-8428-0F45CBEE18F8</structuredType>
<ownDataTypeParameters>,,</ownDataTypeParameters>
<autoIncrementCycle>false</autoIncrementCycle>
</Column>
<Column name="ec_firstname" id="1A498ABB-59F9-51D0-37B3-EDF9A5802875">
<createdBy>Administrator</createdBy>
<createdTime>2017-09-02 11:11:47 UTC</createdTime>
<generatorID>68DBFA62-0408-2D3D-995E-1D8A17954FAA</generatorID>
<ownerDesignName>solution</ownerDesignName>
<nullsAllowed>true</nullsAllowed>
<useDomainConstraints>false</useDomainConstraints>
<use>1</use>
<logicalDatatype>LOGDT024</logicalDatatype>
<dataTypeSize>20</dataTypeSize>
<ownDataTypeParameters>20,,</ownDataTypeParameters>
<autoIncrementCycle>false</autoIncrementCycle>
</Column>
<Column name="ec_lastname" id="49C1A9BD-A48D-1CE8-F872-1B84AE7517B4">
<createdBy>Administrator</createdBy>
<createdTime>2017-09-02 11:11:47 UTC</createdTime>
<generatorID>90112613-DBF6-A647-CFC5-93921E31F2F5</generatorID>
<ownerDesignName>solution</ownerDesignName>
<useDomainConstraints>false</useDomainConstraints>
<use>1</use>
<logicalDatatype>LOGDT024</logicalDatatype>
<dataTypeSize>20</dataTypeSize>
<ownDataTypeParameters>20,,</ownDataTypeParameters>
<autoIncrementCycle>false</autoIncrementCycle>
</Column>
<Column name="ec_phone" id="2A20B6C7-40B1-E613-3A88-A94CD6977263">
<createdBy>Administrator</createdBy>
<createdTime>2017-09-02 11:11:47 UTC</createdTime>
<generatorID>2D3A6DFC-F8D0-DBC7-7331-F593863339E3</generatorID>
<ownerDesignName>solution</ownerDesignName>
<useDomainConstraints>false</useDomainConstraints>
<use>1</use>
<logicalDatatype>LOGDT024</logicalDatatype>
<dataTypeSize>20</dataTypeSize>
<ownDataTypeParameters>20,,</ownDataTypeParameters>
<autoIncrementCycle>false</autoIncrementCycle>
</Column>
<Column name="ec_relationship" id="7C3EA14B-D373-AB5E-25A6-19539173BA68">
<createdBy>Administrator</createdBy>
<createdTime>2017-09-02 11:11:47 UTC</createdTime>
<generatorID>C56F69C5-0357-617E-358D-269AAD4153BF</generatorID>
<ownerDesignName>solution</ownerDesignName>
<useDomainConstraints>false</useDomainConstraints>
<use>1</use>
<logicalDatatype>LOGDT024</logicalDatatype>
<dataTypeSize>20</dataTypeSize>
<ownDataTypeParameters>20,,</ownDataTypeParameters>
<autoIncrementCycle>false</autoIncrementCycle>
</Column>
<Column name="g_firstname" id="AADEBE43-D59C-081A-BFE2-49C764AC60EF">
<createdBy>Administrator</createdBy>
<createdTime>2017-09-02 11:11:47 UTC</createdTime>
<generatorID>CF0A2C1A-2B84-96A2-A66F-D5DE8C284232</generatorID>
<ownerDesignName>solution</ownerDesignName>
<useDomainConstraints>false</useDomainConstraints>
<use>1</use>
<logicalDatatype>LOGDT024</logicalDatatype>
<dataTypeSize>20</dataTypeSize>
<ownDataTypeParameters>20,,</ownDataTypeParameters>
<autoIncrementCycle>false</autoIncrementCycle>
</Column>
<Column name="g_lastname" id="87002184-BD8A-F444-1D60-8B8E34283C81">
<createdBy>Administrator</createdBy>
<createdTime>2017-09-02 11:11:47 UTC</createdTime>
<generatorID>BD04A547-58D5-DFC3-3E7A-BF8FED01156C</generatorID>
<ownerDesignName>solution</ownerDesignName>
<useDomainConstraints>false</useDomainConstraints>
<use>1</use>
<logicalDatatype>LOGDT024</logicalDatatype>
<dataTypeSize>20</dataTypeSize>
<ownDataTypeParameters>20,,</ownDataTypeParameters>
<autoIncrementCycle>false</autoIncrementCycle>
</Column>
<Column name="g_phone" id="4B88218A-5863-13A4-AF18-50263E4AE76C">
<createdBy>Administrator</createdBy>
<createdTime>2017-09-02 11:11:47 UTC</createdTime>
<generatorID>AD09F9EA-9B23-08AA-AA49-3D364C4E4AB4</generatorID>
<ownerDesignName>solution</ownerDesignName>
<useDomainConstraints>false</useDomainConstraints>
<use>1</use>
<logicalDatatype>LOGDT024</logicalDatatype>
<dataTypeSize>20</dataTypeSize>
<ownDataTypeParameters>20,,</ownDataTypeParameters>
<autoIncrementCycle>false</autoIncrementCycle>
</Column>
<Column name="Entry_competitor_number" id="B156BDBE-ADAF-1837-26C0-69ED538AE582">
<createdBy>Administrator</createdBy>
<createdTime>2017-09-02 11:11:47 UTC</createdTime>
<generatorID>3D8CD6B1-B72B-DB0A-53A6-5DFD49A17F29</generatorID>
<ownerDesignName>solution</ownerDesignName>
<useDomainConstraints>false</useDomainConstraints>
<use>1</use>
<logicalDatatype>LOGDT024</logicalDatatype>
<dataTypeSize>5</dataTypeSize>
<ownDataTypeParameters>,,</ownDataTypeParameters>
<previousColumn>false</previousColumn>
<autoIncrementCycle>false</autoIncrementCycle>
<associations>
<colAssociation fkAssociation="83830F41-D395-5D64-C6F1-B95F8A676428" referredColumn="AF080608-B350-9BE7-8BEF-56DFBFD706DF"/>
</associations>
</Column>
</columns>
<indexes itemClass="oracle.dbtools.crest.model.design.relational.Index">
<ind_PK_UK id="76DBD244-E00E-4B8E-4380-DAEFBB68DAAF" name="Competitor_PK">
<createdBy>Administrator</createdBy>
<createdTime>2017-09-02 11:11:47 UTC</createdTime>
<generatorID>81C0E794-A091-76F2-C147-A5416B697587</generatorID>
<ownerDesignName>solution</ownerDesignName>
<pk>true</pk>
<indexState>Primary Constraint</indexState>
<isSurrogateKey>false</isSurrogateKey>
<indexColumnUsage>
<colUsage columnID="19A6A727-EA56-6318-CED0-1C61F7C7A988"/>
</indexColumnUsage>
</ind_PK_UK>
<ind_PK_UK id="1C5F1ECE-34AD-0D07-FEE7-8700A1835889" name="Competitor__IDX">
<createdBy>Administrator</createdBy>
<createdTime>2017-09-02 11:11:47 UTC</createdTime>
<ownerDesignName>solution</ownerDesignName>
<indexState>Unique Plain Index</indexState>
<isSurrogateKey>false</isSurrogateKey>
<relationGeneratorID>9C0B1CC9-4129-DF10-2AE5-DA69CDE524DF</relationGeneratorID>
<indexColumnUsage>
<colUsage columnID="B156BDBE-ADAF-1837-26C0-69ED538AE582"/>
</indexColumnUsage>
</ind_PK_UK>
<ind_PK_UK id="8EE78AC8-64EF-9BC4-AA67-2C570DBF1302" name="Competitor_Entry_FK">
<createdBy>Administrator</createdBy>
<createdTime>2017-09-02 11:11:47 UTC</createdTime>
<generatorID>9C0B1CC9-4129-DF10-2AE5-DA69CDE524DF</generatorID>
<ownerDesignName>solution</ownerDesignName>
<indexState>Foreign Key</indexState>
<isSurrogateKey>false</isSurrogateKey>
<indexColumnUsage>
<colUsage columnID="B156BDBE-ADAF-1837-26C0-69ED538AE582"/>
</indexColumnUsage>
</ind_PK_UK>
</indexes>
</Table>