<?xml version = '1.0' encoding = 'UTF-8'?>
<Table class="oracle.dbtools.crest.model.design.relational.Table" directorySegmentName="seg_0" id="547924E2-2199-7111-FF7C-7464DF77C46F" name="Order">
<createdBy>Administrator</createdBy>
<createdTime>2017-09-02 11:11:47 UTC</createdTime>
<generatorID>580BDF0B-38D6-6AC0-B640-EA6FC3C066AB</generatorID>
<ownerDesignName>solution</ownerDesignName>
<allowColumnReorder>false</allowColumnReorder>
<existDependencyGenerateInDDl>true</existDependencyGenerateInDDl>
<parsed>true</parsed>
<columns itemClass="oracle.dbtools.crest.model.design.relational.Column">
<Column name="order_number" id="DF975D7A-C524-040B-5A16-81BE2C4C8203">
<createdBy>Administrator</createdBy>
<createdTime>2017-09-02 11:11:47 UTC</createdTime>
<generatorID>C1F4D92A-9F82-3CE4-9FB2-3D417EE1C516</generatorID>
<ownerDesignName>solution</ownerDesignName>
<useDomainConstraints>false</useDomainConstraints>
<use>1</use>
<logicalDatatype>LOGDT024</logicalDatatype>
<dataTypeSize>5 CHAR</dataTypeSize>
<ownDataTypeParameters>5 CHAR,,</ownDataTypeParameters>
<autoIncrementCycle>false</autoIncrementCycle>
</Column>
<Column name="order_date" id="6D69764D-26F6-B204-AE18-A8A795269B2B">
<createdBy>Administrator</createdBy>
<createdTime>2017-09-02 11:11:47 UTC</createdTime>
<generatorID>8AD99346-DF40-63EC-0F18-C47DC585A4BF</generatorID>
<ownerDesignName>solution</ownerDesignName>
<useDomainConstraints>false</useDomainConstraints>
<use>1</use>
<logicalDatatype>LOGDT008</logicalDatatype>
<ownDataTypeParameters>,,</ownDataTypeParameters>
<autoIncrementCycle>false</autoIncrementCycle>
</Column>
<Column name="carnival_date" id="B355BF1C-3AC2-4D83-2F94-AF792A9F29DF">
<createdBy>Administrator</createdBy>
<createdTime>2017-09-02 11:11:47 UTC</createdTime>
<generatorID>328C5907-7733-659C-D959-9DEA33419496</generatorID>
<ownerDesignName>solution</ownerDesignName>
<useDomainConstraints>false</useDomainConstraints>
<use>1</use>
<logicalDatatype>LOGDT024</logicalDatatype>
<dataTypeSize>20 CHAR</dataTypeSize>
<ownDataTypeParameters>20 CHAR,,</ownDataTypeParameters>
<autoIncrementCycle>false</autoIncrementCycle>
</Column>
<Column name="order_number_2" id="625FE55B-426A-B56A-3839-0E1A9ECD5301">
<createdBy>Administrator</createdBy>
<createdTime>2017-09-02 11:11:47 UTC</createdTime>
<generatorID>524E9871-ED48-6A11-CDD6-AF09B47BA6F6</generatorID>
<ownerDesignName>solution</ownerDesignName>
<useDomainConstraints>false</useDomainConstraints>
<use>1</use>
<logicalDatatype>LOGDT024</logicalDatatype>
<dataTypeSize>20 CHAR</dataTypeSize>
<ownDataTypeParameters>20 CHAR,,</ownDataTypeParameters>
<autoIncrementCycle>false</autoIncrementCycle>
</Column>
<Column name="Competitor_competitor_number" id="07FF60B6-AECB-4435-24DF-4F6A032D81C7">
<createdBy>Administrator</createdBy>
<createdTime>2017-09-02 11:11:47 UTC</createdTime>
<generatorID>6445F3A4-F4B1-B121-92A5-16B5EB526471</generatorID>
<ownerDesignName>solution</ownerDesignName>
<useDomainConstraints>false</useDomainConstraints>
<use>1</use>
<logicalDatatype>LOGDT024</logicalDatatype>
<dataTypeSize>5 CHAR</dataTypeSize>
<ownDataTypeParameters>,,</ownDataTypeParameters>
<previousColumn>false</previousColumn>
<autoIncrementCycle>false</autoIncrementCycle>
<associations>
<colAssociation fkAssociation="D17C2838-4DA2-13D2-4DB8-A2183F8BDF5B" referredColumn="19A6A727-EA56-6318-CED0-1C61F7C7A988"/>
</associations>
</Column>
<Column name="Volunteer_volunteer_number" id="DC89D1EB-B58C-2F41-AE31-69C5D1EEC93B">
<createdBy>Administrator</createdBy>
<createdTime>2017-09-02 11:11:47 UTC</createdTime>
<generatorID>DDC23D4C-2D79-2026-5914-9C60FD1F6CD3</generatorID>
<ownerDesignName>solution</ownerDesignName>
<useDomainConstraints>false</useDomainConstraints>
<use>1</use>
<logicalDatatype>LOGDT024</logicalDatatype>
<dataTypeSize>5 CHAR</dataTypeSize>
<ownDataTypeParameters>,,</ownDataTypeParameters>
<previousColumn>false</previousColumn>
<autoIncrementCycle>false</autoIncrementCycle>
<associations>
<colAssociation fkAssociation="9C07BBD5-2A03-F5A7-EAC8-B6EC74CF0C58" referredColumn="2FE82656-EC6E-A009-B765-815FAD69ADEB"/>
</associations>
</Column>
</columns>
<indexes itemClass="oracle.dbtools.crest.model.design.relational.Index">
<ind_PK_UK id="EECEB8C8-BB3C-3C73-B4B0-3E8EFABDACD2" name="Order_PK">
<createdBy>Administrator</createdBy>
<createdTime>2017-09-02 11:11:47 UTC</createdTime>
<generatorID>DAB42301-C646-987B-EEA4-75AD865A8B48</generatorID>
<ownerDesignName>solution</ownerDesignName>
<pk>true</pk>
<indexState>Primary Constraint</indexState>
<isSurrogateKey>false</isSurrogateKey>
<indexColumnUsage>
<colUsage columnID="DF975D7A-C524-040B-5A16-81BE2C4C8203"/>
</indexColumnUsage>
</ind_PK_UK>
<ind_PK_UK id="A1FBBA7F-5B97-7952-0316-93CAD77D864F" name="Order_Competitor_FK">
<createdBy>Administrator</createdBy>
<createdTime>2017-09-02 11:11:47 UTC</createdTime>
<generatorID>8D7E68FE-90ED-3CE0-2A63-9C4E8D22361B</generatorID>
<ownerDesignName>solution</ownerDesignName>
<indexState>Foreign Key</indexState>
<isSurrogateKey>false</isSurrogateKey>
<indexColumnUsage>
<colUsage columnID="07FF60B6-AECB-4435-24DF-4F6A032D81C7"/>
</indexColumnUsage>
</ind_PK_UK>
<ind_PK_UK id="3314D53B-2F5A-C444-C84E-40B06893C4B4" name="Order_Volunteer_FK">
<createdBy>Administrator</createdBy>
<createdTime>2017-09-02 11:11:47 UTC</createdTime>
<generatorID>48FC97F5-A013-10C8-1C54-3F2ADE224794</generatorID>
<ownerDesignName>solution</ownerDesignName>
<indexState>Foreign Key</indexState>
<isSurrogateKey>false</isSurrogateKey>
<indexColumnUsage>
<colUsage columnID="DC89D1EB-B58C-2F41-AE31-69C5D1EEC93B"/>
</indexColumnUsage>
</ind_PK_UK>
</indexes>
</Table>