<?xml version = '1.0' encoding = 'UTF-8'?>
<Table class="oracle.dbtools.crest.model.design.relational.Table" directorySegmentName="seg_0" id="0CDBB8EA-D754-B348-736F-0E0AECD956FF" name="Entry">
<createdBy>Administrator</createdBy>
<createdTime>2017-09-02 11:11:47 UTC</createdTime>
<generatorID>31DEB36E-98E2-4529-A961-DA8E75AB6E9E</generatorID>
<ownerDesignName>solution</ownerDesignName>
<allowColumnReorder>false</allowColumnReorder>
<existDependencyGenerateInDDl>true</existDependencyGenerateInDDl>
<parsed>true</parsed>
<columns itemClass="oracle.dbtools.crest.model.design.relational.Column">
<Column name="competitor_number" id="AF080608-B350-9BE7-8BEF-56DFBFD706DF">
<createdBy>Administrator</createdBy>
<createdTime>2017-09-02 11:11:47 UTC</createdTime>
<commentInRDBMS>competitor number</commentInRDBMS>
<generatorID>E72F5DE0-6D36-7990-0E36-B3F35D6A583C</generatorID>
<ownerDesignName>solution</ownerDesignName>
<useDomainConstraints>false</useDomainConstraints>
<use>1</use>
<logicalDatatype>LOGDT024</logicalDatatype>
<dataTypeSize>5</dataTypeSize>
<ownDataTypeParameters>5,,</ownDataTypeParameters>
<autoIncrementCycle>false</autoIncrementCycle>
</Column>
<Column name="teamname" id="3E584184-1646-5379-EBD7-8CE74FCDBC5D">
<createdBy>Administrator</createdBy>
<createdTime>2017-09-02 11:11:47 UTC</createdTime>
<commentInRDBMS>team name</commentInRDBMS>
<generatorID>2315E9B8-A3CA-9F0B-F1FF-E64BEEEEF7B2</generatorID>
<ownerDesignName>solution</ownerDesignName>
<nullsAllowed>true</nullsAllowed>
<useDomainConstraints>false</useDomainConstraints>
<use>1</use>
<logicalDatatype>LOGDT024</logicalDatatype>
<dataTypeSize>20</dataTypeSize>
<ownDataTypeParameters>20,,</ownDataTypeParameters>
<autoIncrementCycle>false</autoIncrementCycle>
</Column>
<Column name="Event_event_name" id="7CEFEAC0-3455-DBB4-9304-B5BD4C960361">
<createdBy>Administrator</createdBy>
<createdTime>2017-09-02 11:11:47 UTC</createdTime>
<commentInRDBMS>event name</commentInRDBMS>
<generatorID>A3AA1AEF-A4D1-C4A2-B64E-A8496E4C23C6</generatorID>
<ownerDesignName>solution</ownerDesignName>
<useDomainConstraints>false</useDomainConstraints>
<use>1</use>
<logicalDatatype>LOGDT024</logicalDatatype>
<dataTypeSize>30 CHAR</dataTypeSize>
<ownDataTypeParameters>,,</ownDataTypeParameters>
<previousColumn>false</previousColumn>
<autoIncrementCycle>false</autoIncrementCycle>
<associations>
<colAssociation fkAssociation="88FA81B1-A577-8ED2-F9BA-016422DC57BE" referredColumn="C6D36283-FB4F-C19B-7041-B188D8315E4A"/>
</associations>
</Column>
<Column name="enumber" id="39459F89-17A6-40F5-742A-677AB1B44890">
<createdBy>Administrator</createdBy>
<createdTime>2017-09-03 02:47:21 UTC</createdTime>
<commentInRDBMS>entry number</commentInRDBMS>
<generatorID>E162F085-DBCD-940F-2A80-1CA0A834D4F6</generatorID>
<ownerDesignName>solution</ownerDesignName>
<useDomainConstraints>false</useDomainConstraints>
<use>1</use>
<logicalDatatype>LOGDT024</logicalDatatype>
<dataTypeSize>20 CHAR</dataTypeSize>
<ownDataTypeParameters>20 CHAR,,</ownDataTypeParameters>
<autoIncrementCycle>false</autoIncrementCycle>
</Column>
</columns>
<indexes itemClass="oracle.dbtools.crest.model.design.relational.Index">
<ind_PK_UK id="55CEC1BB-DE74-D84A-718B-CEED2999B01B" name="Entry_PK">
<createdBy>Administrator</createdBy>
<createdTime>2017-09-02 11:11:47 UTC</createdTime>
<generatorID>DA7C0806-6447-3D18-C684-879861531D8F</generatorID>
<ownerDesignName>solution</ownerDesignName>
<pk>true</pk>
<indexState>Primary Constraint</indexState>
<isSurrogateKey>false</isSurrogateKey>
<indexColumnUsage>
<colUsage columnID="39459F89-17A6-40F5-742A-677AB1B44890"/>
</indexColumnUsage>
</ind_PK_UK>
<ind_PK_UK id="6C91580E-27BD-635A-FDE7-54D76D383DC7" name="Entry_Event_FK">
<createdBy>Administrator</createdBy>
<createdTime>2017-09-02 11:11:47 UTC</createdTime>
<generatorID>E5A20323-5FDE-D6E8-2BC6-F1CA4D627521</generatorID>
<ownerDesignName>solution</ownerDesignName>
<indexState>Foreign Key</indexState>
<isSurrogateKey>false</isSurrogateKey>
<indexColumnUsage>
<colUsage columnID="7CEFEAC0-3455-DBB4-9304-B5BD4C960361"/>
</indexColumnUsage>
</ind_PK_UK>
</indexes>
</Table>