<?xml version = '1.0' encoding = 'UTF-8'?>
<Table class="oracle.dbtools.crest.model.design.relational.Table" directorySegmentName="seg_0" id="47A3FF0B-5924-05A3-60A1-84E166F3FD28" name="Carnival">
<createdBy>Administrator</createdBy>
<createdTime>2017-09-02 11:11:46 UTC</createdTime>
<generatorID>B38C043B-AA22-9EBA-DA8D-9DFE3FFE9E39</generatorID>
<ownerDesignName>solution</ownerDesignName>
<allowColumnReorder>false</allowColumnReorder>
<existDependencyGenerateInDDl>true</existDependencyGenerateInDDl>
<parsed>true</parsed>
<columns itemClass="oracle.dbtools.crest.model.design.relational.Column">
<Column name="carnival_date" id="F5EC9FB9-B02D-2CBE-0EAA-E96EB5ED2A5D">
<createdBy>Administrator</createdBy>
<createdTime>2017-09-02 11:11:47 UTC</createdTime>
<commentInRDBMS>carnival date, primary key</commentInRDBMS>
<generatorID>09C5571F-B24B-3F96-C19B-DA51007DEEE8</generatorID>
<ownerDesignName>solution</ownerDesignName>
<useDomainConstraints>false</useDomainConstraints>
<use>1</use>
<logicalDatatype>LOGDT024</logicalDatatype>
<dataTypeSize>25 CHAR</dataTypeSize>
<ownDataTypeParameters>25 CHAR,,</ownDataTypeParameters>
<autoIncrementCycle>false</autoIncrementCycle>
</Column>
<Column name="director" id="1C701AE4-7810-AF89-33A8-23F6C6D80EBA">
<createdBy>Administrator</createdBy>
<createdTime>2017-09-02 11:11:47 UTC</createdTime>
<commentInRDBMS>carnival director</commentInRDBMS>
<generatorID>2A7669F4-47AA-AC01-51CC-B2A141443444</generatorID>
<ownerDesignName>solution</ownerDesignName>
<useDomainConstraints>false</useDomainConstraints>
<use>1</use>
<logicalDatatype>LOGDT024</logicalDatatype>
<dataTypeSize>20 CHAR</dataTypeSize>
<ownDataTypeParameters>20 CHAR,,</ownDataTypeParameters>
<autoIncrementCycle>false</autoIncrementCycle>
</Column>
<Column name="location" id="A7737AB6-6904-1578-D203-D2846284A2EB">
<createdBy>Administrator</createdBy>
<createdTime>2017-09-03 02:47:21 UTC</createdTime>
<commentInRDBMS>carnival location</commentInRDBMS>
<generatorID>3233150E-C162-386B-948B-7627EDEC0BCB</generatorID>
<ownerDesignName>solution</ownerDesignName>
<useDomainConstraints>false</useDomainConstraints>
<use>1</use>
<logicalDatatype>LOGDT024</logicalDatatype>
<dataTypeSize>40 CHAR</dataTypeSize>
<ownDataTypeParameters>40 CHAR,,</ownDataTypeParameters>
<autoIncrementCycle>false</autoIncrementCycle>
</Column>
</columns>
<indexes itemClass="oracle.dbtools.crest.model.design.relational.Index">
<ind_PK_UK id="022F14E7-917B-D1D6-6BE8-0119D50D5544" name="Carnival_PK">
<createdBy>Administrator</createdBy>
<createdTime>2017-09-02 11:11:47 UTC</createdTime>
<generatorID>751BB315-7930-C67E-40D1-14C44994FAF9</generatorID>
<ownerDesignName>solution</ownerDesignName>
<pk>true</pk>
<indexState>Primary Constraint</indexState>
<isSurrogateKey>false</isSurrogateKey>
<indexColumnUsage>
<colUsage columnID="F5EC9FB9-B02D-2CBE-0EAA-E96EB5ED2A5D"/>
</indexColumnUsage>
</ind_PK_UK>
</indexes>
</Table>