<?xml version = '1.0' encoding = 'UTF-8'?>
<Table class="oracle.dbtools.crest.model.design.relational.Table" directorySegmentName="seg_0" id="751F4DC1-0C84-7A19-D99E-D9E9A7DA5A1B" name="location">
<createdBy>Administrator</createdBy>
<createdTime>2017-09-02 11:11:47 UTC</createdTime>
<generatorID>D3127994-4D20-7AEF-9C32-3B1123A0BE0C</generatorID>
<ownerDesignName>solution</ownerDesignName>
<allowColumnReorder>false</allowColumnReorder>
<existDependencyGenerateInDDl>true</existDependencyGenerateInDDl>
<parsed>true</parsed>
<columns itemClass="oracle.dbtools.crest.model.design.relational.Column">
<Column name="name" id="08A2B767-0A03-3924-3B53-DE78F89D3397">
<createdBy>Administrator</createdBy>
<createdTime>2017-09-02 11:11:47 UTC</createdTime>
<generatorID>1946A69A-06AE-F8A1-B69E-71ACE5FAB20F</generatorID>
<ownerDesignName>solution</ownerDesignName>
<useDomainConstraints>false</useDomainConstraints>
<use>1</use>
<logicalDatatype>LOGDT024</logicalDatatype>
<dataTypeSize>20 CHAR</dataTypeSize>
<ownDataTypeParameters>20 CHAR,,</ownDataTypeParameters>
<autoIncrementCycle>false</autoIncrementCycle>
</Column>
<Column name="Carnival_date" id="CCF65D01-855C-88FE-1DF1-E5CB9FBF151E">
<createdBy>Administrator</createdBy>
<createdTime>2017-09-02 11:11:47 UTC</createdTime>
<generatorID>492925D4-A107-8979-0CEB-7FF6F40CF6F8</generatorID>
<ownerDesignName>solution</ownerDesignName>
<useDomainConstraints>false</useDomainConstraints>
<use>1</use>
<logicalDatatype>LOGDT024</logicalDatatype>
<dataTypeSize>25 CHAR</dataTypeSize>
<ownDataTypeParameters>,,</ownDataTypeParameters>
<previousColumn>false</previousColumn>
<autoIncrementCycle>false</autoIncrementCycle>
<associations>
<colAssociation fkAssociation="2C369063-0261-3FF5-E99F-76E0AAC646AC" referredColumn="F5EC9FB9-B02D-2CBE-0EAA-E96EB5ED2A5D"/>
</associations>
</Column>
</columns>
<indexes itemClass="oracle.dbtools.crest.model.design.relational.Index">
<ind_PK_UK id="1BBBEE42-A1FA-C3B5-E7CC-423EBA2BB03D" name="location_PK">
<createdBy>Administrator</createdBy>
<createdTime>2017-09-02 11:11:47 UTC</createdTime>
<generatorID>24B33782-96A5-ED89-63EF-B606B5C205E2</generatorID>
<ownerDesignName>solution</ownerDesignName>
<pk>true</pk>
<indexState>Primary Constraint</indexState>
<isSurrogateKey>false</isSurrogateKey>
<indexColumnUsage>
<colUsage columnID="08A2B767-0A03-3924-3B53-DE78F89D3397"/>
</indexColumnUsage>
</ind_PK_UK>
<ind_PK_UK id="7AE9CF8E-C414-75D8-756E-71862DA71155" name="location_Carnival_FK">
<createdBy>Administrator</createdBy>
<createdTime>2017-09-02 11:11:47 UTC</createdTime>
<generatorID>20934DFE-D0D0-B7EA-B596-F7B67C7232C5</generatorID>
<ownerDesignName>solution</ownerDesignName>
<indexState>Foreign Key</indexState>
<isSurrogateKey>false</isSurrogateKey>
<indexColumnUsage>
<colUsage columnID="CCF65D01-855C-88FE-1DF1-E5CB9FBF151E"/>
</indexColumnUsage>
</ind_PK_UK>
</indexes>
</Table>