<?xml version = '1.0' encoding = 'UTF-8'?>
<Table class="oracle.dbtools.crest.model.design.relational.Table" directorySegmentName="seg_0" id="A209ED16-83D3-5941-C854-25F62CE8B26D" name="Item">
<createdBy>Administrator</createdBy>
<createdTime>2017-09-03 02:47:21 UTC</createdTime>
<generatorID>20210F57-8BC5-5965-6F3B-91CFBFDB1D68</generatorID>
<ownerDesignName>solution</ownerDesignName>
<allowColumnReorder>false</allowColumnReorder>
<existDependencyGenerateInDDl>true</existDependencyGenerateInDDl>
<parsed>true</parsed>
<columns itemClass="oracle.dbtools.crest.model.design.relational.Column">
<Column name="item_code" id="3E0AAFC3-D7B4-10D8-9B94-326E60317708">
<createdBy>Administrator</createdBy>
<createdTime>2017-09-03 02:47:21 UTC</createdTime>
<commentInRDBMS>item code</commentInRDBMS>
<generatorID>6027D607-0DEE-762A-9E89-995986F5EAA0</generatorID>
<ownerDesignName>solution</ownerDesignName>
<useDomainConstraints>false</useDomainConstraints>
<use>1</use>
<logicalDatatype>LOGDT024</logicalDatatype>
<dataTypeSize>20 CHAR</dataTypeSize>
<ownDataTypeParameters>20 CHAR,,</ownDataTypeParameters>
<autoIncrementCycle>false</autoIncrementCycle>
</Column>
<Column name="item_description" id="7F83B706-CFC7-D544-2FBD-3331F99FB6EE">
<createdBy>Administrator</createdBy>
<createdTime>2017-09-03 02:47:21 UTC</createdTime>
<commentInRDBMS>item description</commentInRDBMS>
<generatorID>177926A6-33DD-83FA-08F1-9413DDE4ECE3</generatorID>
<ownerDesignName>solution</ownerDesignName>
<useDomainConstraints>false</useDomainConstraints>
<use>1</use>
<logicalDatatype>LOGDT024</logicalDatatype>
<dataTypeSize>40</dataTypeSize>
<ownDataTypeParameters>40,,</ownDataTypeParameters>
<autoIncrementCycle>false</autoIncrementCycle>
</Column>
<Column name="cost" id="1246DAC1-41B0-D071-C44F-285A6C53E3BE">
<createdBy>Administrator</createdBy>
<createdTime>2017-09-03 02:47:21 UTC</createdTime>
<commentInRDBMS>item cost</commentInRDBMS>
<generatorID>97B55F72-E60C-B2D1-5684-A1CF9FFFA0AD</generatorID>
<ownerDesignName>solution</ownerDesignName>
<useDomainConstraints>false</useDomainConstraints>
<use>1</use>
<logicalDatatype>LOGDT021</logicalDatatype>
<dataTypeScale>2</dataTypeScale>
<ownDataTypeParameters>,,2</ownDataTypeParameters>
<autoIncrementCycle>false</autoIncrementCycle>
</Column>
</columns>
<indexes itemClass="oracle.dbtools.crest.model.design.relational.Index">
<ind_PK_UK id="AC0A8C96-16D8-41FB-37D6-3D872928F967" name="Item_PK">
<createdBy>Administrator</createdBy>
<createdTime>2017-09-03 02:47:21 UTC</createdTime>
<generatorID>EC3BE187-D7A3-BBC6-BD93-72F239B0FD77</generatorID>
<ownerDesignName>solution</ownerDesignName>
<pk>true</pk>
<indexState>Primary Constraint</indexState>
<isSurrogateKey>false</isSurrogateKey>
<indexColumnUsage>
<colUsage columnID="3E0AAFC3-D7B4-10D8-9B94-326E60317708"/>
</indexColumnUsage>
</ind_PK_UK>
</indexes>
</Table>