<?xml version = '1.0' encoding = 'UTF-8'?>
<Table class="oracle.dbtools.crest.model.design.relational.Table" directorySegmentName="seg_0" id="C963B288-AAA9-5617-8615-34275959696B" name="Merchandise">
<createdBy>Administrator</createdBy>
<createdTime>2017-09-02 11:11:47 UTC</createdTime>
<generatorID>390FED20-4709-F06D-8514-EB249AE36889</generatorID>
<ownerDesignName>solution</ownerDesignName>
<allowColumnReorder>false</allowColumnReorder>
<existDependencyGenerateInDDl>true</existDependencyGenerateInDDl>
<parsed>true</parsed>
<columns itemClass="oracle.dbtools.crest.model.design.relational.Column">
<Column name="order_number" id="F15EC4F7-6DFC-6B72-CBAD-3E1C979F0E0D">
<createdBy>Administrator</createdBy>
<createdTime>2017-09-02 11:11:47 UTC</createdTime>
<generatorID>59ED9FB7-76EF-6E6E-8D7F-C242AE2D6115</generatorID>
<ownerDesignName>solution</ownerDesignName>
<useDomainConstraints>false</useDomainConstraints>
<use>1</use>
<logicalDatatype>LOGDT024</logicalDatatype>
<dataTypeSize>25</dataTypeSize>
<ownDataTypeParameters>25,,</ownDataTypeParameters>
<autoIncrementCycle>false</autoIncrementCycle>
</Column>
<Column name="item_code" id="7CE4B453-DB23-C7E9-824F-CBD22019E4B6">
<createdBy>Administrator</createdBy>
<createdTime>2017-09-02 11:11:47 UTC</createdTime>
<generatorID>99EE3A5C-2239-298B-A255-78BF9A46D7F0</generatorID>
<ownerDesignName>solution</ownerDesignName>
<useDomainConstraints>false</useDomainConstraints>
<use>1</use>
<logicalDatatype>LOGDT024</logicalDatatype>
<dataTypeSize>20 CHAR</dataTypeSize>
<ownDataTypeParameters>20 CHAR,,</ownDataTypeParameters>
<autoIncrementCycle>false</autoIncrementCycle>
</Column>
<Column name="item_description" id="719805A7-332E-ADE6-D1DF-AFC9BD6754B3">
<createdBy>Administrator</createdBy>
<createdTime>2017-09-02 11:11:47 UTC</createdTime>
<generatorID>6C65D38D-C49A-24F8-88C4-FE5F35403DB0</generatorID>
<ownerDesignName>solution</ownerDesignName>
<useDomainConstraints>false</useDomainConstraints>
<use>1</use>
<logicalDatatype>LOGDT024</logicalDatatype>
<dataTypeSize>30 BYTE</dataTypeSize>
<ownDataTypeParameters>30 BYTE,,</ownDataTypeParameters>
<autoIncrementCycle>false</autoIncrementCycle>
</Column>
<Column name="cost" id="F6913732-D341-3AF0-8586-273186A7AA33">
<createdBy>Administrator</createdBy>
<createdTime>2017-09-02 11:11:47 UTC</createdTime>
<generatorID>AB0C5D61-1A56-7446-15FA-9F1FEDAE7797</generatorID>
<ownerDesignName>solution</ownerDesignName>
<useDomainConstraints>false</useDomainConstraints>
<use>1</use>
<logicalDatatype>LOGDT021</logicalDatatype>
<ownDataTypeParameters>,,</ownDataTypeParameters>
<autoIncrementCycle>false</autoIncrementCycle>
</Column>
<Column name="qty" id="A74AF49A-5262-461D-4B96-0EF9D44E8D7A">
<createdBy>Administrator</createdBy>
<createdTime>2017-09-02 11:11:47 UTC</createdTime>
<generatorID>98978E74-7F51-605D-CF11-08B691F57D12</generatorID>
<ownerDesignName>solution</ownerDesignName>
<useDomainConstraints>false</useDomainConstraints>
<use>1</use>
<logicalDatatype>LOGDT011</logicalDatatype>
<ownDataTypeParameters>,,</ownDataTypeParameters>
<autoIncrementCycle>false</autoIncrementCycle>
</Column>
<Column name="line_cost" id="BA2151B6-C77D-0787-7C8B-0AFBB3597AF5">
<createdBy>Administrator</createdBy>
<createdTime>2017-09-02 11:11:47 UTC</createdTime>
<generatorID>0B601ADB-4AC2-3A6A-CF34-F1231D4C07D2</generatorID>
<ownerDesignName>solution</ownerDesignName>
<useDomainConstraints>false</useDomainConstraints>
<use>1</use>
<logicalDatatype>LOGDT021</logicalDatatype>
<ownDataTypeParameters>,,</ownDataTypeParameters>
<autoIncrementCycle>false</autoIncrementCycle>
</Column>
<Column name="Order_order_number" id="66C7EC5E-A408-1104-14DB-FFD119412860">
<createdBy>Administrator</createdBy>
<createdTime>2017-09-02 11:31:45 UTC</createdTime>
<generatorID>4703A9D6-7DE3-5497-9D23-9B7DD43861BE</generatorID>
<ownerDesignName>solution</ownerDesignName>
<useDomainConstraints>false</useDomainConstraints>
<use>1</use>
<logicalDatatype>LOGDT024</logicalDatatype>
<dataTypeSize>5 CHAR</dataTypeSize>
<ownDataTypeParameters>5 CHAR,,</ownDataTypeParameters>
<previousColumn>false</previousColumn>
<autoIncrementCycle>false</autoIncrementCycle>
<associations>
<colAssociation fkAssociation="5BEDC53D-30F1-5A21-ECDA-163A0206EC9A" referredColumn="DF975D7A-C524-040B-5A16-81BE2C4C8203"/>
</associations>
</Column>
<Column name="Order_order_number1" id="0EC82A90-C83A-AD61-4C79-BB67B6A0D16D">
<createdBy>Administrator</createdBy>
<createdTime>2017-09-03 02:47:22 UTC</createdTime>
<generatorID>0D9687DC-F78E-CC8D-7749-0BF6707B132A</generatorID>
<ownerDesignName>solution</ownerDesignName>
<useDomainConstraints>false</useDomainConstraints>
<use>1</use>
<logicalDatatype>LOGDT024</logicalDatatype>
<dataTypeSize>5 CHAR</dataTypeSize>
<ownDataTypeParameters>,,</ownDataTypeParameters>
<previousColumn>false</previousColumn>
<autoIncrementCycle>false</autoIncrementCycle>
<associations>
<colAssociation fkAssociation="F61BF0A7-3546-8329-CE2F-320645B81BA6" referredColumn="DF975D7A-C524-040B-5A16-81BE2C4C8203"/>
</associations>
</Column>
<Column name="Item_item_code" id="6291E488-BE17-1815-C51F-FE2D9956BADB">
<createdBy>Administrator</createdBy>
<createdTime>2017-09-03 02:47:22 UTC</createdTime>
<generatorID>6A285139-B013-B01C-900C-D64CA32AD7C8</generatorID>
<ownerDesignName>solution</ownerDesignName>
<useDomainConstraints>false</useDomainConstraints>
<use>1</use>
<logicalDatatype>LOGDT024</logicalDatatype>
<dataTypeSize>20 CHAR</dataTypeSize>
<ownDataTypeParameters>,,</ownDataTypeParameters>
<previousColumn>false</previousColumn>
<autoIncrementCycle>false</autoIncrementCycle>
<associations>
<colAssociation fkAssociation="6C7C6A99-88D1-B54A-4085-9B124216C6F9" referredColumn="3E0AAFC3-D7B4-10D8-9B94-326E60317708"/>
</associations>
</Column>
</columns>
<indexes itemClass="oracle.dbtools.crest.model.design.relational.Index">
<ind_PK_UK id="9901BD77-E5DF-DCC2-E6C8-D38A4840D264" name="Merchandise_PK">
<createdBy>Administrator</createdBy>
<createdTime>2017-09-02 11:11:47 UTC</createdTime>
<generatorID>A7C3521C-5B50-97AF-F67B-476121B0C73C</generatorID>
<ownerDesignName>solution</ownerDesignName>
<pk>true</pk>
<indexState>Primary Constraint</indexState>
<isSurrogateKey>false</isSurrogateKey>
<indexColumnUsage>
<colUsage columnID="0EC82A90-C83A-AD61-4C79-BB67B6A0D16D"/>
<colUsage columnID="6291E488-BE17-1815-C51F-FE2D9956BADB"/>
</indexColumnUsage>
</ind_PK_UK>
<ind_PK_UK id="A143164C-F786-4970-9B96-07D300666532" name="Merchandise_Order_FK">
<createdBy>Administrator</createdBy>
<createdTime>2017-09-02 11:31:45 UTC</createdTime>
<generatorID>5D2DCB3D-47EE-6054-F537-668374841E94</generatorID>
<ownerDesignName>solution</ownerDesignName>
<indexState>Foreign Key</indexState>
<isSurrogateKey>false</isSurrogateKey>
<indexColumnUsage>
<colUsage columnID="66C7EC5E-A408-1104-14DB-FFD119412860"/>
</indexColumnUsage>
</ind_PK_UK>
<ind_PK_UK id="A38EE092-AC85-DAD5-BA15-ECB1EDB7D363" name="Merchandise_Order_FKv2">
<createdBy>Administrator</createdBy>
<createdTime>2017-09-03 02:47:22 UTC</createdTime>
<generatorID>6AD1CA19-CE7C-604B-AAC8-7AE80B52AEA2</generatorID>
<ownerDesignName>solution</ownerDesignName>
<indexState>Foreign Key</indexState>
<isSurrogateKey>false</isSurrogateKey>
<indexColumnUsage>
<colUsage columnID="0EC82A90-C83A-AD61-4C79-BB67B6A0D16D"/>
</indexColumnUsage>
</ind_PK_UK>
<ind_PK_UK id="917436B1-5B40-B375-420C-AD3B8A9D3830" name="Merchandise_Item_FK">
<createdBy>Administrator</createdBy>
<createdTime>2017-09-03 02:47:22 UTC</createdTime>
<generatorID>FF5E1347-9457-11DD-9BB8-0B3BDBEE6617</generatorID>
<ownerDesignName>solution</ownerDesignName>
<indexState>Foreign Key</indexState>
<isSurrogateKey>false</isSurrogateKey>
<indexColumnUsage>
<colUsage columnID="6291E488-BE17-1815-C51F-FE2D9956BADB"/>
</indexColumnUsage>
</ind_PK_UK>
</indexes>
</Table>