<?xml version = '1.0' encoding = 'UTF-8'?>
<Diagram class="oracle.dbtools.crest.swingui.logical.DPVLogical" name="Logical" id="F7E79D01-CAA0-1F95-51EE-B1A27EDE028F">
<createdBy>Administrator</createdBy>
<modifiedBy>Administrator</modifiedBy>
<createdTime>2017-09-02 16:08:16 UTC</createdTime>
<autoRoute>false</autoRoute>
<boxInbox>true</boxInbox>
<showLegend>false</showLegend>
<showLabels>false</showLabels>
<showRelAttributes>false</showRelAttributes>
<gridEnabled>false</gridEnabled>
<showGrid>false</showGrid>
<diagramColor>-1</diagramColor>
<display>false</display>
<notation>1</notation>
<objectViews>
<OView class="oracle.dbtools.crest.swingui.logical.TVEntity" oid="0FEDA0C5-E32D-7EC6-D303-2C1E82D3AA0A" otype="Entity" vid="3668545A-5ABB-07CA-EE7B-F489192BD15E">
<hideElementsInCurrentOnly>false</hideElementsInCurrentOnly>
<bounds x="337" y="159" width="170" height="110"/>
</OView>
<OView class="oracle.dbtools.crest.swingui.logical.TVEntity" oid="12DD2FC6-A9E6-6083-7892-FBB4AC29BBDB" otype="Entity" vid="D003C27A-E361-97D5-A4EC-A2CEE30F9A52">
<hideElementsInCurrentOnly>false</hideElementsInCurrentOnly>
<bounds x="81" y="372" width="170" height="110"/>
</OView>
<OView class="oracle.dbtools.crest.swingui.logical.TVEntity" oid="142A7EA6-7608-C9E1-721F-911DAD0420DE" otype="Entity" vid="A1E54FE1-2C4A-1E2D-A820-EB299A7250B8">
<hideElementsInCurrentOnly>false</hideElementsInCurrentOnly>
<bounds x="897" y="161" width="170" height="110"/>
</OView>
<OView class="oracle.dbtools.crest.swingui.logical.TVEntity" oid="62E9A00F-940B-F9F8-580C-707FE74E2B8B" otype="Entity" vid="D46B10E6-550D-374E-6441-A1B99757A14E">
<hideElementsInCurrentOnly>false</hideElementsInCurrentOnly>
<bounds x="653" y="521" width="170" height="110"/>
</OView>
<OView class="oracle.dbtools.crest.swingui.logical.TVEntity" oid="6EFB84FB-F06C-0246-6B13-D6F2DF3674F4" otype="Entity" vid="D103B05E-1355-6F4C-D107-ED8DD4B9E92F">
<hideElementsInCurrentOnly>false</hideElementsInCurrentOnly>
<bounds x="899" y="356" width="170" height="110"/>
</OView>
<OView class="oracle.dbtools.crest.swingui.logical.TVEntity" oid="960B18AB-22C7-7101-E6B8-A424D8499764" otype="Entity" vid="7DFCE4B5-68ED-E118-89F2-3AF8D7E3AC6F">
<hideElementsInCurrentOnly>false</hideElementsInCurrentOnly>
<bounds x="338" y="329" width="194" height="293"/>
</OView>
<OView class="oracle.dbtools.crest.swingui.logical.TVEntity" oid="D7E8AD1D-279D-A043-CAC6-441877EA3789" otype="Entity" vid="F1E3F095-8269-7288-A9C9-774A1C2AE8A0">
<hideElementsInCurrentOnly>false</hideElementsInCurrentOnly>
<bounds x="647" y="168" width="170" height="110"/>
</OView>
<OView class="oracle.dbtools.crest.swingui.logical.TVEntity" oid="F7E904A1-EC63-47AA-7DFC-2DE894D06DB1" otype="Entity" vid="825F4BAE-302A-E0B8-EAEB-7F4F741DD271">
<hideElementsInCurrentOnly>false</hideElementsInCurrentOnly>
<bounds x="647" y="361" width="170" height="110"/>
</OView>
</objectViews>
<connectors>
<Connector class="oracle.dbtools.crest.swingui.logical.TVRelation" oid="00BCB921-1E9E-60BA-21FF-021AF72FC5FE" otype="Relation" vid_source="D003C27A-E361-97D5-A4EC-A2CEE30F9A52" vid_target="7DFCE4B5-68ED-E118-89F2-3AF8D7E3AC6F">
<hideElementsInCurrentOnly>false</hideElementsInCurrentOnly>
<lineWidth>1</lineWidth>
<points>
<point x="251" y="437"/>
<point x="338" y="437"/>
</points>
</Connector>
<Connector class="oracle.dbtools.crest.swingui.logical.TVRelation" oid="0E1B2484-CC92-6FB0-7BE2-425F5D5BC79C" otype="Relation" vid_source="7DFCE4B5-68ED-E118-89F2-3AF8D7E3AC6F" vid_target="825F4BAE-302A-E0B8-EAEB-7F4F741DD271">
<hideElementsInCurrentOnly>false</hideElementsInCurrentOnly>
<lineWidth>1</lineWidth>
<points>
<point x="532" y="416"/>
<point x="647" y="416"/>
</points>
</Connector>
<Connector class="oracle.dbtools.crest.swingui.logical.TVRelation" oid="2CF1C801-B41F-2E70-3443-A033D367F053" otype="Relation" vid_source="3668545A-5ABB-07CA-EE7B-F489192BD15E" vid_target="D003C27A-E361-97D5-A4EC-A2CEE30F9A52">
<hideElementsInCurrentOnly>false</hideElementsInCurrentOnly>
<lineWidth>1</lineWidth>
<points>
<point x="355" y="269"/>
<point x="232" y="372"/>
</points>
</Connector>
<Connector class="oracle.dbtools.crest.swingui.logical.TVRelation" oid="99E462B7-31A9-20AC-C30C-CFB044E9E8F3" otype="Relation" vid_source="3668545A-5ABB-07CA-EE7B-F489192BD15E" vid_target="F1E3F095-8269-7288-A9C9-774A1C2AE8A0">
<hideElementsInCurrentOnly>false</hideElementsInCurrentOnly>
<lineWidth>1</lineWidth>
<points>
<point x="507" y="218"/>
<point x="647" y="218"/>
</points>
</Connector>
<Connector class="oracle.dbtools.crest.swingui.logical.TVRelation" oid="A0AB3F17-5BAE-722E-5DBB-DA70586580F5" otype="Relation" vid_source="D46B10E6-550D-374E-6441-A1B99757A14E" vid_target="825F4BAE-302A-E0B8-EAEB-7F4F741DD271">
<hideElementsInCurrentOnly>false</hideElementsInCurrentOnly>
<lineWidth>1</lineWidth>
<points>
<point x="745" y="521"/>
<point x="745" y="471"/>
</points>
</Connector>
<Connector class="oracle.dbtools.crest.swingui.logical.TVRelation" oid="AD0ABF82-443D-9A0F-8A47-F69CC7B34421" otype="Relation" vid_source="825F4BAE-302A-E0B8-EAEB-7F4F741DD271" vid_target="D103B05E-1355-6F4C-D107-ED8DD4B9E92F">
<hideElementsInCurrentOnly>false</hideElementsInCurrentOnly>
<lineWidth>1</lineWidth>
<points>
<point x="817" y="423"/>
<point x="899" y="423"/>
</points>
</Connector>
<Connector class="oracle.dbtools.crest.swingui.logical.TVRelation" oid="EE218BF4-F05B-D466-CA2E-E5C8DF365D12" otype="Relation" vid_source="A1E54FE1-2C4A-1E2D-A820-EB299A7250B8" vid_target="D103B05E-1355-6F4C-D107-ED8DD4B9E92F">
<hideElementsInCurrentOnly>false</hideElementsInCurrentOnly>
<lineWidth>1</lineWidth>
<points>
<point x="983" y="271"/>
<point x="983" y="356"/>
</points>
</Connector>
</connectors>
</Diagram>