<?xml version = '1.0' encoding = 'UTF-8'?>
<Diagram class="oracle.dbtools.crest.swingui.logical.DPVLogical" name="Logical" id="11A9E4A8-8EEC-4021-E704-7A46ECD01370">
<createdBy>Administrator</createdBy>
<modifiedBy>Administrator</modifiedBy>
<createdTime>2017-09-02 09:33:05 UTC</createdTime>
<autoRoute>false</autoRoute>
<boxInbox>true</boxInbox>
<showLegend>false</showLegend>
<showLabels>false</showLabels>
<showRelAttributes>false</showRelAttributes>
<gridEnabled>true</gridEnabled>
<showGrid>true</showGrid>
<diagramColor>-1</diagramColor>
<display>false</display>
<notation>1</notation>
<objectViews>
<OView class="oracle.dbtools.crest.swingui.logical.TVEntity" oid="2501003F-9E13-5D25-9CE4-4CEDB4FA584F" otype="Entity" vid="F4E5CB64-CF54-8D5B-81C9-62DE206DE5ED">
<hideElementsInCurrentOnly>false</hideElementsInCurrentOnly>
<bounds x="420" y="560" width="170" height="110"/>
</OView>
<OView class="oracle.dbtools.crest.swingui.logical.TVEntity" oid="31DEB36E-98E2-4529-A961-DA8E75AB6E9E" otype="Entity" vid="E1E8A928-D6E4-F428-B54F-EB9BA95F01C1">
<hideElementsInCurrentOnly>false</hideElementsInCurrentOnly>
<bounds x="50" y="300" width="170" height="110"/>
</OView>
<OView class="oracle.dbtools.crest.swingui.logical.TVEntity" oid="355918B2-AC2D-E025-67C4-9D1F46C4DD36" otype="Entity" vid="DF0CBD3B-0429-31E2-F42B-7B7E7CDF1389">
<hideElementsInCurrentOnly>false</hideElementsInCurrentOnly>
<bounds x="60" y="120" width="91" height="71"/>
</OView>
<OView class="oracle.dbtools.crest.swingui.logical.TVEntity" oid="390FED20-4709-F06D-8514-EB249AE36889" otype="Entity" vid="5C23FE1C-50C6-00DD-84D2-5FD893531A13">
<hideElementsInCurrentOnly>false</hideElementsInCurrentOnly>
<bounds x="680" y="340" width="170" height="110"/>
</OView>
<OView class="oracle.dbtools.crest.swingui.logical.TVEntity" oid="580BDF0B-38D6-6AC0-B640-EA6FC3C066AB" otype="Entity" vid="E9F8CE1F-4DA3-6F95-47DF-F4F16300E1EC">
<hideElementsInCurrentOnly>false</hideElementsInCurrentOnly>
<bounds x="480" y="350" width="170" height="110"/>
</OView>
<OView class="oracle.dbtools.crest.swingui.logical.TVEntity" oid="912582D8-0714-4461-770E-A0737D31F698" otype="Entity" vid="AD209298-33B9-D7F0-2274-11A8643AD1DB">
<hideElementsInCurrentOnly>false</hideElementsInCurrentOnly>
<bounds x="280" y="250" width="131" height="271"/>
</OView>
<OView class="oracle.dbtools.crest.swingui.logical.TVEntity" oid="A5D2C57D-63CE-3C8D-6A93-B161A97F5FC0" otype="Entity" vid="1D51F279-B2E8-4FEF-DDE0-FD75E3617D43">
<hideElementsInCurrentOnly>false</hideElementsInCurrentOnly>
<bounds x="260" y="100" width="121" height="81"/>
</OView>
<OView class="oracle.dbtools.crest.swingui.logical.TVEntity" oid="B38C043B-AA22-9EBA-DA8D-9DFE3FFE9E39" otype="Entity" vid="51B7CB87-F02B-C3D4-948D-AD6BBBB0F177">
<hideElementsInCurrentOnly>false</hideElementsInCurrentOnly>
<bounds x="60" y="10" width="91" height="61"/>
</OView>
<OView class="oracle.dbtools.crest.swingui.logical.TVEntity" oid="D3127994-4D20-7AEF-9C32-3B1123A0BE0C" otype="Entity" vid="C6C24838-52B5-3106-51B0-FAEE195214C4">
<hideElementsInCurrentOnly>false</hideElementsInCurrentOnly>
<bounds x="250" y="10" width="120" height="63"/>
</OView>
</objectViews>
<connectors>
<Connector class="oracle.dbtools.crest.swingui.logical.TVRelation" oid="20934DFE-D0D0-B7EA-B596-F7B67C7232C5" otype="Relation" vid_source="51B7CB87-F02B-C3D4-948D-AD6BBBB0F177" vid_target="C6C24838-52B5-3106-51B0-FAEE195214C4">
<hideElementsInCurrentOnly>false</hideElementsInCurrentOnly>
<lineWidth>1</lineWidth>
<points>
<point x="151" y="50"/>
<point x="250" y="50"/>
</points>
</Connector>
<Connector class="oracle.dbtools.crest.swingui.logical.TVRelation" oid="48FC97F5-A013-10C8-1C54-3F2ADE224794" otype="Relation" vid_source="F4E5CB64-CF54-8D5B-81C9-62DE206DE5ED" vid_target="E9F8CE1F-4DA3-6F95-47DF-F4F16300E1EC">
<hideElementsInCurrentOnly>false</hideElementsInCurrentOnly>
<lineWidth>1</lineWidth>
<points>
<point x="535" y="560"/>
<point x="535" y="460"/>
</points>
</Connector>
<Connector class="oracle.dbtools.crest.swingui.logical.TVRelation" oid="5D2DCB3D-47EE-6054-F537-668374841E94" otype="Relation" vid_source="E9F8CE1F-4DA3-6F95-47DF-F4F16300E1EC" vid_target="5C23FE1C-50C6-00DD-84D2-5FD893531A13">
<hideElementsInCurrentOnly>false</hideElementsInCurrentOnly>
<lineWidth>1</lineWidth>
<points>
<point x="650" y="410"/>
<point x="680" y="410"/>
</points>
</Connector>
<Connector class="oracle.dbtools.crest.swingui.logical.TVRelation" oid="88F9CABF-5471-752B-4627-D7BBC6E19A39" otype="Relation" vid_source="51B7CB87-F02B-C3D4-948D-AD6BBBB0F177" vid_target="DF0CBD3B-0429-31E2-F42B-7B7E7CDF1389">
<hideElementsInCurrentOnly>false</hideElementsInCurrentOnly>
<lineWidth>1</lineWidth>
<points>
<point x="105" y="71"/>
<point x="105" y="120"/>
</points>
</Connector>
<Connector class="oracle.dbtools.crest.swingui.logical.TVRelation" oid="8D7E68FE-90ED-3CE0-2A63-9C4E8D22361B" otype="Relation" vid_source="AD209298-33B9-D7F0-2274-11A8643AD1DB" vid_target="E9F8CE1F-4DA3-6F95-47DF-F4F16300E1EC">
<hideElementsInCurrentOnly>false</hideElementsInCurrentOnly>
<lineWidth>1</lineWidth>
<points>
<point x="411" y="405"/>
<point x="480" y="405"/>
</points>
</Connector>
<Connector class="oracle.dbtools.crest.swingui.logical.TVRelation" oid="9C0B1CC9-4129-DF10-2AE5-DA69CDE524DF" otype="Relation" vid_source="E1E8A928-D6E4-F428-B54F-EB9BA95F01C1" vid_target="AD209298-33B9-D7F0-2274-11A8643AD1DB">
<hideElementsInCurrentOnly>false</hideElementsInCurrentOnly>
<lineWidth>1</lineWidth>
<points>
<point x="220" y="355"/>
<point x="280" y="355"/>
</points>
</Connector>
<Connector class="oracle.dbtools.crest.swingui.logical.TVRelation" oid="E5A20323-5FDE-D6E8-2BC6-F1CA4D627521" otype="Relation" vid_source="DF0CBD3B-0429-31E2-F42B-7B7E7CDF1389" vid_target="E1E8A928-D6E4-F428-B54F-EB9BA95F01C1">
<hideElementsInCurrentOnly>false</hideElementsInCurrentOnly>
<lineWidth>1</lineWidth>
<points>
<point x="105" y="191"/>
<point x="105" y="300"/>
</points>
</Connector>
<Connector class="oracle.dbtools.crest.swingui.logical.TVRelation" oid="E68BE080-BCF0-B180-F954-90FC671FEA3C" otype="Relation" vid_source="51B7CB87-F02B-C3D4-948D-AD6BBBB0F177" vid_target="1D51F279-B2E8-4FEF-DDE0-FD75E3617D43">
<hideElementsInCurrentOnly>false</hideElementsInCurrentOnly>
<lineWidth>1</lineWidth>
<points>
<point x="151" y="61"/>
<point x="260" y="112"/>
</points>
</Connector>
</connectors>
<displays>
<Display class="oracle.dbtools.crest.swingui.logical.DPVLogical" name="Display_1" id="3846A5AE-3AB6-D336-C3BA-747A90E08116">
<createdBy>Administrator</createdBy>
<modifiedBy>Administrator</modifiedBy>
<createdTime>2017-09-02 09:35:04 UTC</createdTime>
<autoRoute>false</autoRoute>
<boxInbox>true</boxInbox>
<showLegend>false</showLegend>
<showLabels>false</showLabels>
<showRelAttributes>false</showRelAttributes>
<gridEnabled>false</gridEnabled>
<showGrid>false</showGrid>
<diagramColor>-1</diagramColor>
<display>true</display>
<notation>1</notation>
<objectViews>
<OView class="oracle.dbtools.crest.swingui.logical.TVEntity" oid="2501003F-9E13-5D25-9CE4-4CEDB4FA584F" otype="Entity" vid="294F2176-5CD9-E7A8-A7E5-68C14E8963C5">
<hideElementsInCurrentOnly>false</hideElementsInCurrentOnly>
<bounds x="575" y="432" width="170" height="110"/>
</OView>
<OView class="oracle.dbtools.crest.swingui.logical.TVEntity" oid="31DEB36E-98E2-4529-A961-DA8E75AB6E9E" otype="Entity" vid="C72E6747-231E-CF6F-5DC5-C6D8EB9E639F">
<hideElementsInCurrentOnly>false</hideElementsInCurrentOnly>
<bounds x="506" y="230" width="170" height="110"/>
</OView>
<OView class="oracle.dbtools.crest.swingui.logical.TVEntity" oid="355918B2-AC2D-E025-67C4-9D1F46C4DD36" otype="Entity" vid="2C96A39F-9068-E1F0-3BDC-F91C42AE7721">
<hideElementsInCurrentOnly>false</hideElementsInCurrentOnly>
<bounds x="520" y="43" width="170" height="110"/>
</OView>
<OView class="oracle.dbtools.crest.swingui.logical.TVEntity" oid="390FED20-4709-F06D-8514-EB249AE36889" otype="Entity" vid="1203BAC2-D24A-BE03-3796-D04D42EF01FA">
<hideElementsInCurrentOnly>false</hideElementsInCurrentOnly>
<bounds x="875" y="427" width="170" height="110"/>
</OView>
<OView class="oracle.dbtools.crest.swingui.logical.TVEntity" oid="580BDF0B-38D6-6AC0-B640-EA6FC3C066AB" otype="Entity" vid="05D1FB8F-78B3-50A4-8745-1AF4350F6F52">
<hideElementsInCurrentOnly>false</hideElementsInCurrentOnly>
<bounds x="743" y="275" width="170" height="110"/>
</OView>
<OView class="oracle.dbtools.crest.swingui.logical.TVEntity" oid="912582D8-0714-4461-770E-A0737D31F698" otype="Entity" vid="8052DABB-EA3B-A1B9-8B23-A228B6433A8F">
<hideElementsInCurrentOnly>false</hideElementsInCurrentOnly>
<bounds x="723" y="67" width="170" height="110"/>
</OView>
<OView class="oracle.dbtools.crest.swingui.logical.TVEntity" oid="A5D2C57D-63CE-3C8D-6A93-B161A97F5FC0" otype="Entity" vid="EC2C9971-24D1-21D5-6D57-0378525B299F">
<hideElementsInCurrentOnly>false</hideElementsInCurrentOnly>
<bounds x="304" y="246" width="170" height="110"/>
</OView>
<OView class="oracle.dbtools.crest.swingui.logical.TVEntity" oid="B38C043B-AA22-9EBA-DA8D-9DFE3FFE9E39" otype="Entity" vid="AA6B9C74-70CA-F186-B4D4-2D30AEDA4AFF">
<hideElementsInCurrentOnly>false</hideElementsInCurrentOnly>
<bounds x="136" y="20" width="170" height="110"/>
</OView>
<OView class="oracle.dbtools.crest.swingui.logical.TVEntity" oid="D3127994-4D20-7AEF-9C32-3B1123A0BE0C" otype="Entity" vid="BC8DC47B-E500-4205-93F1-463C351C8D3D">
<hideElementsInCurrentOnly>false</hideElementsInCurrentOnly>
<bounds x="48" y="248" width="170" height="110"/>
</OView>
</objectViews>
<connectors>
<Connector class="oracle.dbtools.crest.swingui.logical.TVRelation" oid="20934DFE-D0D0-B7EA-B596-F7B67C7232C5" otype="Relation" vid_source="AA6B9C74-70CA-F186-B4D4-2D30AEDA4AFF" vid_target="BC8DC47B-E500-4205-93F1-463C351C8D3D">
<hideElementsInCurrentOnly>false</hideElementsInCurrentOnly>
<lineWidth>1</lineWidth>
<points>
<point x="187" y="130"/>
<point x="187" y="248"/>
</points>
</Connector>
<Connector class="oracle.dbtools.crest.swingui.logical.TVRelation" oid="48FC97F5-A013-10C8-1C54-3F2ADE224794" otype="Relation" vid_source="294F2176-5CD9-E7A8-A7E5-68C14E8963C5" vid_target="05D1FB8F-78B3-50A4-8745-1AF4350F6F52">
<hideElementsInCurrentOnly>false</hideElementsInCurrentOnly>
<lineWidth>1</lineWidth>
<points>
<point x="744" y="432"/>
<point x="744" y="385"/>
</points>
</Connector>
<Connector class="oracle.dbtools.crest.swingui.logical.TVRelation" oid="5D2DCB3D-47EE-6054-F537-668374841E94" otype="Relation" vid_source="05D1FB8F-78B3-50A4-8745-1AF4350F6F52" vid_target="1203BAC2-D24A-BE03-3796-D04D42EF01FA">
<hideElementsInCurrentOnly>false</hideElementsInCurrentOnly>
<lineWidth>1</lineWidth>
<points>
<point x="884" y="385"/>
<point x="884" y="427"/>
</points>
</Connector>
<Connector class="oracle.dbtools.crest.swingui.logical.TVRelation" oid="88F9CABF-5471-752B-4627-D7BBC6E19A39" otype="Relation" vid_source="AA6B9C74-70CA-F186-B4D4-2D30AEDA4AFF" vid_target="2C96A39F-9068-E1F0-3BDC-F91C42AE7721">
<hideElementsInCurrentOnly>false</hideElementsInCurrentOnly>
<lineWidth>1</lineWidth>
<points>
<point x="306" y="86"/>
<point x="520" y="86"/>
</points>
</Connector>
<Connector class="oracle.dbtools.crest.swingui.logical.TVRelation" oid="8D7E68FE-90ED-3CE0-2A63-9C4E8D22361B" otype="Relation" vid_source="8052DABB-EA3B-A1B9-8B23-A228B6433A8F" vid_target="05D1FB8F-78B3-50A4-8745-1AF4350F6F52">
<hideElementsInCurrentOnly>false</hideElementsInCurrentOnly>
<lineWidth>1</lineWidth>
<points>
<point x="818" y="177"/>
<point x="818" y="275"/>
</points>
</Connector>
<Connector class="oracle.dbtools.crest.swingui.logical.TVRelation" oid="9C0B1CC9-4129-DF10-2AE5-DA69CDE524DF" otype="Relation" vid_source="C72E6747-231E-CF6F-5DC5-C6D8EB9E639F" vid_target="8052DABB-EA3B-A1B9-8B23-A228B6433A8F">
<hideElementsInCurrentOnly>false</hideElementsInCurrentOnly>
<lineWidth>1</lineWidth>
<points>
<point x="664" y="230"/>
<point x="734" y="177"/>
</points>
</Connector>
<Connector class="oracle.dbtools.crest.swingui.logical.TVRelation" oid="E5A20323-5FDE-D6E8-2BC6-F1CA4D627521" otype="Relation" vid_source="2C96A39F-9068-E1F0-3BDC-F91C42AE7721" vid_target="C72E6747-231E-CF6F-5DC5-C6D8EB9E639F">
<hideElementsInCurrentOnly>false</hideElementsInCurrentOnly>
<lineWidth>1</lineWidth>
<points>
<point x="598" y="153"/>
<point x="598" y="230"/>
</points>
</Connector>
<Connector class="oracle.dbtools.crest.swingui.logical.TVRelation" oid="E68BE080-BCF0-B180-F954-90FC671FEA3C" otype="Relation" vid_source="AA6B9C74-70CA-F186-B4D4-2D30AEDA4AFF" vid_target="EC2C9971-24D1-21D5-6D57-0378525B299F">
<hideElementsInCurrentOnly>false</hideElementsInCurrentOnly>
<lineWidth>1</lineWidth>
<points>
<point x="305" y="130"/>
<point x="305" y="246"/>
</points>
</Connector>
</connectors>
</Display>
</displays>
</Diagram>