<?xml version="1.0" encoding="UTF-8" ?>
<settings>
	<logical_type_for_domain_presentation value="false" />
	<automatic_pk_generation value="false" />
	<automatic_uk_generation value="false" />
	<automatic_fk_generation value="false" />
	<preserve_ddl_generation_options value="false" />
	<use_global_design_level_settings value="false" />
	<use_preferred_classification_types value="false" />
	<substitution_patterns>
	</substitution_patterns>
	<classification_types>
		<type name="事实" color="-7482" fgcolor="-16776961" prefix="" id="1" preferred="false" >
		<fonts>
			<font_object fo_type="标题" font_color="-16776961" font_name="Dialog" font_size="10" font_style="1"/>
			<font_object fo_type="元素" font_color="-16777216" font_name="Dialog" font_size="10" font_style="0"/>
			<font_object fo_type="数据类型" font_color="-16744448" font_name="Dialog" font_size="10" font_style="0"/>
			<font_object fo_type="PK 元素" font_color="-16776961" font_name="Dialog" font_size="10" font_style="0"/>
			<font_object fo_type="FK 元素" font_color="-16777216" font_name="Dialog" font_size="10" font_style="0"/>
			<font_object fo_type="UK 元素" font_color="-16776961" font_name="Dialog" font_size="10" font_style="0"/>
			<font_object fo_type="非空值" font_color="-65536" font_name="Dialog" font_size="10" font_style="0"/>
			<font_object fo_type="关键字" font_color="-16777216" font_name="Dialog" font_size="10" font_style="0"/>
			<font_object fo_type="注释" font_color="-12566464" font_name="Dialog" font_size="10" font_style="0"/>
		</fonts>
		</type>
		<type name="维" color="-1781507" fgcolor="-16776961" prefix="" id="2" preferred="false" >
		<fonts>
			<font_object fo_type="标题" font_color="-16776961" font_name="Dialog" font_size="10" font_style="1"/>
			<font_object fo_type="元素" font_color="-16777216" font_name="Dialog" font_size="10" font_style="0"/>
			<font_object fo_type="数据类型" font_color="-16744448" font_name="Dialog" font_size="10" font_style="0"/>
			<font_object fo_type="PK 元素" font_color="-16776961" font_name="Dialog" font_size="10" font_style="0"/>
			<font_object fo_type="FK 元素" font_color="-16777216" font_name="Dialog" font_size="10" font_style="0"/>
			<font_object fo_type="UK 元素" font_color="-16776961" font_name="Dialog" font_size="10" font_style="0"/>
			<font_object fo_type="非空值" font_color="-65536" font_name="Dialog" font_size="10" font_style="0"/>
			<font_object fo_type="关键字" font_color="-16777216" font_name="Dialog" font_size="10" font_style="0"/>
			<font_object fo_type="注释" font_color="-12566464" font_name="Dialog" font_size="10" font_style="0"/>
		</fonts>
		</type>
		<type name="日志记录" color="-1776412" fgcolor="-16776961" prefix="" id="3" preferred="false" >
		<fonts>
			<font_object fo_type="标题" font_color="-16776961" font_name="Dialog" font_size="10" font_style="1"/>
			<font_object fo_type="元素" font_color="-16777216" font_name="Dialog" font_size="10" font_style="0"/>
			<font_object fo_type="数据类型" font_color="-16744448" font_name="Dialog" font_size="10" font_style="0"/>
			<font_object fo_type="PK 元素" font_color="-16776961" font_name="Dialog" font_size="10" font_style="0"/>
			<font_object fo_type="FK 元素" font_color="-16777216" font_name="Dialog" font_size="10" font_style="0"/>
			<font_object fo_type="UK 元素" font_color="-16776961" font_name="Dialog" font_size="10" font_style="0"/>
			<font_object fo_type="非空值" font_color="-65536" font_name="Dialog" font_size="10" font_style="0"/>
			<font_object fo_type="关键字" font_color="-16777216" font_name="Dialog" font_size="10" font_style="0"/>
			<font_object fo_type="注释" font_color="-12566464" font_name="Dialog" font_size="10" font_style="0"/>
		</fonts>
		</type>
		<type name="概要" color="-3148598" fgcolor="-16776961" prefix="" id="4" preferred="false" >
		<fonts>
			<font_object fo_type="标题" font_color="-16776961" font_name="Dialog" font_size="10" font_style="1"/>
			<font_object fo_type="元素" font_color="-16777216" font_name="Dialog" font_size="10" font_style="0"/>
			<font_object fo_type="数据类型" font_color="-16744448" font_name="Dialog" font_size="10" font_style="0"/>
			<font_object fo_type="PK 元素" font_color="-16776961" font_name="Dialog" font_size="10" font_style="0"/>
			<font_object fo_type="FK 元素" font_color="-16777216" font_name="Dialog" font_size="10" font_style="0"/>
			<font_object fo_type="UK 元素" font_color="-16776961" font_name="Dialog" font_size="10" font_style="0"/>
			<font_object fo_type="非空值" font_color="-65536" font_name="Dialog" font_size="10" font_style="0"/>
			<font_object fo_type="关键字" font_color="-16777216" font_name="Dialog" font_size="10" font_style="0"/>
			<font_object fo_type="注释" font_color="-12566464" font_name="Dialog" font_size="10" font_style="0"/>
		</fonts>
		</type>
		<type name="临时" color="-1" fgcolor="-16776961" prefix="" id="5" preferred="false" >
		<fonts>
			<font_object fo_type="标题" font_color="-16776961" font_name="Dialog" font_size="10" font_style="1"/>
			<font_object fo_type="元素" font_color="-16777216" font_name="Dialog" font_size="10" font_style="0"/>
			<font_object fo_type="数据类型" font_color="-16744448" font_name="Dialog" font_size="10" font_style="0"/>
			<font_object fo_type="PK 元素" font_color="-16776961" font_name="Dialog" font_size="10" font_style="0"/>
			<font_object fo_type="FK 元素" font_color="-16777216" font_name="Dialog" font_size="10" font_style="0"/>
			<font_object fo_type="UK 元素" font_color="-16776961" font_name="Dialog" font_size="10" font_style="0"/>
			<font_object fo_type="非空值" font_color="-65536" font_name="Dialog" font_size="10" font_style="0"/>
			<font_object fo_type="关键字" font_color="-16777216" font_name="Dialog" font_size="10" font_style="0"/>
			<font_object fo_type="注释" font_color="-12566464" font_name="Dialog" font_size="10" font_style="0"/>
		</fonts>
		</type>
		<type name="外部" color="-720908" fgcolor="-16776961" prefix="" id="6" preferred="false" >
		<fonts>
			<font_object fo_type="标题" font_color="-16776961" font_name="Dialog" font_size="10" font_style="1"/>
			<font_object fo_type="元素" font_color="-16777216" font_name="Dialog" font_size="10" font_style="0"/>
			<font_object fo_type="数据类型" font_color="-16744448" font_name="Dialog" font_size="10" font_style="0"/>
			<font_object fo_type="PK 元素" font_color="-16776961" font_name="Dialog" font_size="10" font_style="0"/>
			<font_object fo_type="FK 元素" font_color="-16777216" font_name="Dialog" font_size="10" font_style="0"/>
			<font_object fo_type="UK 元素" font_color="-16776961" font_name="Dialog" font_size="10" font_style="0"/>
			<font_object fo_type="非空值" font_color="-65536" font_name="Dialog" font_size="10" font_style="0"/>
			<font_object fo_type="关键字" font_color="-16777216" font_name="Dialog" font_size="10" font_style="0"/>
			<font_object fo_type="注释" font_color="-12566464" font_name="Dialog" font_size="10" font_style="0"/>
		</fonts>
		</type>
		</classification_types>
	<default_fonts_and_colors>
		<fc_object classname="Entity" background="-5971457" foreground="-16776961" noBackgroundColor="false" noForegroundColor="false">
		<fonts>
			<font_object fo_type="标题" font_color="-16776961" font_name="Dialog" font_size="10" font_style="1"/>
			<font_object fo_type="属性" font_color="-16777216" font_name="Dialog" font_size="10" font_style="0"/>
			<font_object fo_type="数据类型" font_color="-16744448" font_name="Dialog" font_size="10" font_style="0"/>
			<font_object fo_type="PK 元素" font_color="-16776961" font_name="Dialog" font_size="10" font_style="0"/>
			<font_object fo_type="FK 元素" font_color="-16777216" font_name="Dialog" font_size="10" font_style="0"/>
			<font_object fo_type="UK 元素" font_color="-16776961" font_name="Dialog" font_size="10" font_style="0"/>
			<font_object fo_type="非空值" font_color="-65536" font_name="Dialog" font_size="10" font_style="0"/>
			<font_object fo_type="关键字" font_color="-16777216" font_name="Dialog" font_size="10" font_style="0"/>
			<font_object fo_type="注释" font_color="-12566464" font_name="Dialog" font_size="10" font_style="0"/>
		</fonts>
		</fc_object>
		<fc_object classname="Logical View" background="-25750" foreground="-16776961" noBackgroundColor="false" noForegroundColor="false">
		<fonts>
			<font_object fo_type="标题" font_color="-16776961" font_name="Dialog" font_size="10" font_style="1"/>
			<font_object fo_type="属性" font_color="-16777216" font_name="Dialog" font_size="10" font_style="0"/>
			<font_object fo_type="数据类型" font_color="-16744448" font_name="Dialog" font_size="10" font_style="0"/>
			<font_object fo_type="注释" font_color="-12566464" font_name="Dialog" font_size="10" font_style="0"/>
		</fonts>
		</fc_object>
		<fc_object classname="Table" background="-76" foreground="-16776961" noBackgroundColor="false" noForegroundColor="false">
		<fonts>
			<font_object fo_type="标题" font_color="-16776961" font_name="Dialog" font_size="10" font_style="1"/>
			<font_object fo_type="列" font_color="-16777216" font_name="Dialog" font_size="10" font_style="0"/>
			<font_object fo_type="数据类型" font_color="-16744448" font_name="Dialog" font_size="10" font_style="0"/>
			<font_object fo_type="PK 元素" font_color="-16776961" font_name="Dialog" font_size="10" font_style="0"/>
			<font_object fo_type="FK 元素" font_color="-16777216" font_name="Dialog" font_size="10" font_style="0"/>
			<font_object fo_type="UK 元素" font_color="-16776961" font_name="Dialog" font_size="10" font_style="0"/>
			<font_object fo_type="非空值" font_color="-65536" font_name="Dialog" font_size="10" font_style="0"/>
			<font_object fo_type="关键字" font_color="-16777216" font_name="Dialog" font_size="10" font_style="0"/>
			<font_object fo_type="注释" font_color="-12566464" font_name="Dialog" font_size="10" font_style="0"/>
		</fonts>
		</fc_object>
		<fc_object classname="Relational View" background="-6881386" foreground="-16776961" noBackgroundColor="false" noForegroundColor="false">
		<fonts>
			<font_object fo_type="标题" font_color="-16776961" font_name="Dialog" font_size="10" font_style="1"/>
			<font_object fo_type="列" font_color="-16777216" font_name="Dialog" font_size="10" font_style="0"/>
			<font_object fo_type="数据类型" font_color="-16744448" font_name="Dialog" font_size="10" font_style="0"/>
			<font_object fo_type="PK 元素" font_color="-16776961" font_name="Dialog" font_size="10" font_style="0"/>
			<font_object fo_type="FK 元素" font_color="-16777216" font_name="Dialog" font_size="10" font_style="0"/>
			<font_object fo_type="UK 元素" font_color="-16776961" font_name="Dialog" font_size="10" font_style="0"/>
			<font_object fo_type="非空值" font_color="-65536" font_name="Dialog" font_size="10" font_style="0"/>
			<font_object fo_type="关键字" font_color="-16777216" font_name="Dialog" font_size="10" font_style="0"/>
			<font_object fo_type="注释" font_color="-12566464" font_name="Dialog" font_size="10" font_style="0"/>
		</fonts>
		</fc_object>
		<fc_object classname="Structured Type" background="-7537956" foreground="-16777216" noBackgroundColor="false" noForegroundColor="false">
		<fonts>
			<font_object fo_type="标题" font_color="-16776961" font_name="Dialog" font_size="10" font_style="1"/>
			<font_object fo_type="属性" font_color="-16777216" font_name="Dialog" font_size="10" font_style="0"/>
			<font_object fo_type="数据类型" font_color="-16777056" font_name="Dialog" font_size="10" font_style="0"/>
			<font_object fo_type="方法" font_color="-16777216" font_name="Dialog" font_size="10" font_style="0"/>
			<font_object fo_type="不可实例化" font_color="-65536" font_name="Dialog" font_size="10" font_style="0"/>
			<font_object fo_type="必需" font_color="-65536" font_name="Dialog" font_size="10" font_style="0"/>
		</fonts>
		</fc_object>
		<fc_object classname="Cube" background="-7482" foreground="-16777216" noBackgroundColor="false" noForegroundColor="false">
		<fonts>
			<font_object fo_type="标题" font_color="-16776961" font_name="Dialog" font_size="10" font_style="1"/>
			<font_object fo_type="事实实体" font_color="-16776961" font_name="Dialog" font_size="10" font_style="0"/>
			<font_object fo_type="度量类型" font_color="-16776961" font_name="Dialog" font_size="10" font_style="0"/>
			<font_object fo_type="度量" font_color="-16777216" font_name="Dialog" font_size="10" font_style="0"/>
			<font_object fo_type="函数" font_color="-16777056" font_name="Dialog" font_size="10" font_style="0"/>
			<font_object fo_type="公式" font_color="-65536" font_name="Dialog" font_size="10" font_style="0"/>
			<font_object fo_type="子级到父级属性" font_color="-16777216" font_name="Dialog" font_size="10" font_style="0"/>
		</fonts>
		</fc_object>
		<fc_object classname="Dimension" background="-16713196" foreground="-16777216" noBackgroundColor="false" noForegroundColor="false">
		<fonts>
			<font_object fo_type="标题" font_color="-16776961" font_name="Dialog" font_size="10" font_style="1"/>
		</fonts>
		</fc_object>
		<fc_object classname="Level" background="-1781507" foreground="-16777216" noBackgroundColor="false" noForegroundColor="false">
		<fonts>
			<font_object fo_type="标题" font_color="-16776961" font_name="Dialog" font_size="10" font_style="1"/>
			<font_object fo_type="级别实体" font_color="-16776961" font_name="Dialog" font_size="10" font_style="0"/>
			<font_object fo_type="类型" font_color="-16776961" font_name="Dialog" font_size="10" font_style="0"/>
			<font_object fo_type="属性" font_color="-16777216" font_name="Dialog" font_size="10" font_style="0"/>
			<font_object fo_type="函数" font_color="-16777216" font_name="Dialog" font_size="10" font_style="0"/>
		</fonts>
		</fc_object>
		<fc_object classname="Process" background="-106" foreground="-16777216" noBackgroundColor="false" noForegroundColor="false">
		<fonts>
			<font_object fo_type="标题" font_color="-16776961" font_name="Dialog" font_size="10" font_style="1"/>
			<font_object fo_type="进程编号" font_color="-65536" font_name="Dialog" font_size="10" font_style="0"/>
			<font_object fo_type="转换任务" font_color="-16777216" font_name="Dialog" font_size="10" font_style="0"/>
		</fonts>
		</fc_object>
		<fc_object classname="External Agent" background="-5570646" foreground="-16777216" noBackgroundColor="false" noForegroundColor="false">
		<fonts>
			<font_object fo_type="标题" font_color="-16776961" font_name="Dialog" font_size="10" font_style="1"/>
		</fonts>
		</fc_object>
		<fc_object classname="Information Store" background="-10170881" foreground="-16777216" noBackgroundColor="false" noForegroundColor="false">
		<fonts>
			<font_object fo_type="标题" font_color="-16776961" font_name="Dialog" font_size="10" font_style="1"/>
			<font_object fo_type="数字" font_color="-1" font_name="Dialog" font_size="10" font_style="1"/>
		</fonts>
		</fc_object>
		<fc_object classname="In-Out Parameters" background="-328966" foreground="-16777216" noBackgroundColor="false" noForegroundColor="false">
		<fonts>
			<font_object fo_type="标题" font_color="-16777216" font_name="Dialog" font_size="10" font_style="1"/>
			<font_object fo_type="参数" font_color="-16777216" font_name="Dialog" font_size="10" font_style="0"/>
			<font_object fo_type="数据类型" font_color="-65536" font_name="Dialog" font_size="10" font_style="0"/>
		</fonts>
		</fc_object>
		<fc_object classname="Transformation" background="-43" foreground="-16777216" noBackgroundColor="false" noForegroundColor="false">
		<fonts>
			<font_object fo_type="标题" font_color="-16777216" font_name="Dialog" font_size="10" font_style="1"/>
			<font_object fo_type="进程编号" font_color="-65536" font_name="Dialog" font_size="10" font_style="0"/>
		</fonts>
		</fc_object>
		<fc_object classname="Note" background="-4144960" foreground="-16777216" noBackgroundColor="false" noForegroundColor="false">
		<fonts>
			<font_object fo_type="标题" font_color="-16777216" font_name="Dialog" font_size="10" font_style="0"/>
		</fonts>
		</fc_object>
		<fc_object classname="Label" background="-1" foreground="-16777216" noBackgroundColor="true" noForegroundColor="true">
		<fonts>
			<font_object fo_type="文本" font_color="-16777216" font_name="Dialog" font_size="10" font_style="0"/>
		</fonts>
		</fc_object>
		<fc_object classname="Relationship Attributes" background="-26266" foreground="-16777216" noBackgroundColor="false" noForegroundColor="false">
		<fonts>
			<font_object fo_type="属性" font_color="-16777216" font_name="Dialog" font_size="10" font_style="0"/>
			<font_object fo_type="数据类型" font_color="-16744448" font_name="Dialog" font_size="10" font_style="0"/>
			<font_object fo_type="非空值" font_color="-65536" font_name="Dialog" font_size="10" font_style="0"/>
		</fonts>
		</fc_object>
		<fc_object classname="Legend" background="-1" foreground="-16777216" noBackgroundColor="false" noForegroundColor="false">
		<fonts>
			<font_object fo_type="图表" font_color="-16777216" font_name="Dialog" font_size="10" font_style="0"/>
			<font_object fo_type="作者" font_color="-16777216" font_name="Dialog" font_size="10" font_style="0"/>
			<font_object fo_type="创建时间" font_color="-16777216" font_name="Dialog" font_size="10" font_style="0"/>
			<font_object fo_type="修改时间" font_color="-16777216" font_name="Dialog" font_size="10" font_style="0"/>
			<font_object fo_type="修改者" font_color="-16777216" font_name="Dialog" font_size="10" font_style="0"/>
			<font_object fo_type="设计" font_color="-16777216" font_name="Dialog" font_size="10" font_style="0"/>
			<font_object fo_type="模型" font_color="-16777216" font_name="Dialog" font_size="10" font_style="0"/>
			<font_object fo_type="用户定义的属性" font_color="-16777216" font_name="Dialog" font_size="10" font_style="0"/>
		</fonts>
		</fc_object>
	</default_fonts_and_colors>
	<default_line_widths_and_colors>
		<lwc_object classname="Logical Relation" color="-16777216" width="1">
		</lwc_object>
		<lwc_object classname="Logical Inheritance" color="-65536" width="1">
		</lwc_object>
		<lwc_object classname="Relational Foreign Key" color="-16777216" width="1">
		</lwc_object>
		<lwc_object classname="Type Substitution" color="-16725996" width="1">
		</lwc_object>
		<lwc_object classname="Datatype Reference" color="-16776961" width="1">
		</lwc_object>
		<lwc_object classname="Datatype Inheritance" color="-65536" width="1">
		</lwc_object>
		<lwc_object classname="Multidimentional Link" color="-16776961" width="1">
		</lwc_object>
		<lwc_object classname="Multidimensional Hierarchy" color="-16725996" width="1">
		</lwc_object>
		<lwc_object classname="Process Flow" color="-65536" width="1">
		</lwc_object>
	</default_line_widths_and_colors>
	<naming_standard_rules>
		<logical>
			<separator value= "Space" char=" "/>
			<entity>
			</entity>
			<attribute>
			</attribute>
		</logical>
		<relational>
			<separator value= "_" abbreviated_only="false"/>
			<table>
			</table>
			<column>
			</column>
		</relational>
		<domains>
			<separator value= " "/>
			<domain>
			</domain>
		</domains>
		<constraints>
			<pk value="{table}_PK"/>
			<fk value="{child}_{parent}_FK"/>
			<ck value="{table}_CK"/>
			<un value="{table}_{column}_UN"/>
			<idx value="{table}_{column}_IDX"/>
			<automatic_idx value="{table}_{column}_IDX"/>
			<colck value="CK_{table}_{column}"/>
			<colnnc value="NNC_{table abbr}_{column}"/>
			<column_foreign_key value="{ref table}_{ref column}"/>
			<ui value="{entity} PK"/>
			<relation_attribute value="{ref entity}_{ref attribute}"/>
			<surrogate_key value="{table abbr}_PK"/>
			<surrogate_key_col value="{table abbr}_ID"/>
			<discriminator_col value="{table abbr}_TYPE"/>
		</constraints>
		<glossaries>
		</glossaries>
	</naming_standard_rules>
	<comparemapping>
	</comparemapping>
	<engineering_params>
		<delete_without_origin value="false"/>
		<engineer_coordinates value="true"/>
		<engineer_generated value="true"/>
		<show_engineering_intree value="false"/>
		<apply_naming_std value="true"/>
		<use_pref_abbreviation value="true"/>
		<upload_directory value=""/>
		<date_format value="YYYY/MM/DD HH24:MI:SS"/>
		<timestamp_format value="YYYY/MM/DD HH24:MI:SS.FF"/>
		<timestamp_tz_format value="YYYY/MM/DD HH24:MI:SS.FFTZH:TZM"/>
	</engineering_params>
	<eng_compare show_sel_prop_only="true" not_apply_for_new_objects="true" exclude_from_tree="false">
		<entity_table>
			<property name="名称" selected="true"/>
			<property name="短名称/缩写" selected="true"/>
			<property name="已废弃" selected="true"/>
			<property name="注释" selected="true"/>
			<property name="RDBMS 中的注释" selected="true"/>
			<property name="备注" selected="true"/>
			<property name="临时表范围" selected="true"/>
			<property name="表类型" selected="true"/>
			<property name="结构化类型" selected="true"/>
			<property name="类型替换 (超类型对象)" selected="true"/>
			<property name="允许类型替换" selected="true"/>
			<property name="最小卷" selected="true"/>
			<property name="所需卷" selected="true"/>
			<property name="最大卷" selected="true"/>
			<property name="增长百分比" selected="true"/>
			<property name="增长类型" selected="true"/>
			<property name="范式" selected="true"/>
			<property name="适度规范化" selected="true"/>
		</entity_table>
		<attribute_column>
			<property name="名称" selected="true"/>
			<property name="已废弃" selected="true"/>
			<property name="数据类型" selected="true"/>
			<property name="数据类型种类" selected="true"/>
			<property name="必需" selected="true"/>
			<property name="默认值" selected="true"/>
			<property name="检查约束条件名称" selected="true"/>
			<property name="使用域约束条件" selected="true"/>
			<property name="检查约束条件" selected="true"/>
			<property name="范围约束条件" selected="true"/>
			<property name="LOV 约束条件" selected="true"/>
			<property name="注释" selected="true"/>
			<property name="RDBMS 中的注释" selected="true"/>
			<property name="备注" selected="true"/>
			<property name="源类型" selected="true"/>
			<property name="公式说明" selected="true"/>
			<property name="类型替换" selected="true"/>
			<property name="范围" selected="true"/>
		</attribute_column>
		<key_index>
			<property name="名称" selected="true"/>
			<property name="已废弃" selected="true"/>
			<property name="注释" selected="true"/>
			<property name="RDBMS 中的注释" selected="true"/>
			<property name="备注" selected="true"/>
			<property name="主键" selected="true"/>
			<property name="属性/列" selected="true"/>
		</key_index>
		<relation_fk>
			<property name="名称" selected="true"/>
			<property name="删除规则" selected="true"/>
			<property name="注释" selected="true"/>
			<property name="RDBMS 中的注释" selected="true"/>
			<property name="备注" selected="true"/>
		</relation_fk>
		<relation_table>
			<property name="名称" selected="true"/>
			<property name="注释" selected="true"/>
			<property name="RDBMS 中的注释" selected="true"/>
			<property name="备注" selected="true"/>
		</relation_table>
		<entityview_view>
			<property name="名称" selected="true"/>
			<property name="已废弃" selected="true"/>
			<property name="注释" selected="true"/>
			<property name="RDBMS 中的注释" selected="true"/>
			<property name="备注" selected="true"/>
			<property name="结构化类型" selected="true"/>
			<property name="类型替换 (超类型对象)" selected="true"/>
			<property name="WHERE" selected="true"/>
			<property name="HAVING" selected="true"/>
			<property name="用户定义的 SQL" selected="true"/>
		</entityview_view>
	</eng_compare>
	<model_compare_props_filter>
	</model_compare_props_filter>
	<model_compare_dyn_props_filter>
	</model_compare_dyn_props_filter>
	<model_compare_storage_props_filter>
	</model_compare_storage_props_filter>
	<naming_options>
		<model_options objectid="D42BBFA7-E6EB-5F76-B7D7-30538FDCBE1F">
			<naming_option class_name="oracle.dbtools.crest.model.design.relational.Table" max_name_length="30" case_type="2" valid_characters="null" all_valid="true" />
			<naming_option class_name="oracle.dbtools.crest.model.design.relational.Column" max_name_length="30" case_type="2" valid_characters="null" all_valid="true" />
			<naming_option class_name="oracle.dbtools.crest.model.design.relational.TableView" max_name_length="30" case_type="2" valid_characters="null" all_valid="true" />
			<naming_option class_name="oracle.dbtools.crest.model.design.relational.Index" max_name_length="30" case_type="2" valid_characters="null" all_valid="true" />
			<naming_option class_name="oracle.dbtools.crest.model.design.constraint.TableLevelConstraint" max_name_length="30" case_type="2" valid_characters="null" all_valid="true" />
		</model_options>
		<model_options objectid="F12E32F7-57E9-2B8A-A089-79903A6B5588">
			<naming_option class_name="oracle.dbtools.crest.model.design.logical.Entity" max_name_length="254" case_type="2" valid_characters="" all_valid="true" />
			<naming_option class_name="oracle.dbtools.crest.model.design.logical.Attribute" max_name_length="254" case_type="2" valid_characters="" all_valid="true" />
			<naming_option class_name="oracle.dbtools.crest.model.design.logical.EntityView" max_name_length="254" case_type="2" valid_characters="" all_valid="true" />
		</model_options>
	</naming_options>
	<deleted_files>
	</deleted_files>
	<dynamic_properties>
	</dynamic_properties>
	<design_estimates>
		<logical_model_estimates>
			<entities value="70"/>
			<relations value="70"/>
			<views value="70"/>
			<arcs value="70"/>
		</logical_model_estimates>
		<data_types_model_estimates>
			<structured_types value="70"/>
			<collection_types value="70"/>
			<distinct_types value="70"/>
		</data_types_model_estimates>
		<relational_model_estimates>
			<relational_model_0_estimates>
				<relational_model_name value="Relation"/>
				<tables value="70"/>
				<views value="70"/>
				<foreign_keys value="70"/>
				<schemas value="70"/>
				<subviews value="70"/>
				<arcs value="70"/>
			</relational_model_0_estimates>
		</relational_model_estimates>
	</design_estimates>
</settings>