<?xml version = '1.0' encoding = 'UTF-8'?>
<Entity class="oracle.dbtools.crest.model.design.logical.Entity" directorySegmentName="seg_0" id="0FEDA0C5-E32D-7EC6-D303-2C1E82D3AA0A" name="CARNIVAL">
<createdBy>Administrator</createdBy>
<createdTime>2017-09-02 16:08:36 UTC</createdTime>
<ownerDesignName>work</ownerDesignName>
<engineerTo>
<item key="93C5B731-2A84-78CC-5FAC-DDA245CA99A1" value="true"/>
</engineerTo>
<adequatelyNormalized>NO</adequatelyNormalized>
<expectedVolumes>0</expectedVolumes>
<fwdEngineeringStrategyName>Single Table</fwdEngineeringStrategyName>
<growthPercent>0</growthPercent>
<growthType>Year</growthType>
<maxVolumes>9999999</maxVolumes>
<minVolumes>0</minVolumes>
<normalForm>Third</normalForm>
<attributes itemClass="oracle.dbtools.crest.model.design.logical.Attribute">
<Attribute name="date" id="84E75DEA-B593-1BFC-15FB-F446B2FD81D3">
<createdBy>Administrator</createdBy>
<createdTime>2017-09-02 16:08:47 UTC</createdTime>
<comment>carnival date</comment>
<ownerDesignName>work</ownerDesignName>
<engineerTo>
<item key="93C5B731-2A84-78CC-5FAC-DDA245CA99A1" value="true"/>
</engineerTo>
<useDomainConstraints>false</useDomainConstraints>
<use>1</use>
<logicalDatatype>LOGDT008</logicalDatatype>
<ownDataTypeParameters>,,</ownDataTypeParameters>
</Attribute>
<Attribute name="director" id="CA3409E7-D117-C6AE-5D8C-1BBEE4802FCE">
<createdBy>Administrator</createdBy>
<createdTime>2017-09-02 16:09:23 UTC</createdTime>
<comment>carnival director</comment>
<ownerDesignName>work</ownerDesignName>
<engineerTo>
<item key="93C5B731-2A84-78CC-5FAC-DDA245CA99A1" value="true"/>
</engineerTo>
<useDomainConstraints>false</useDomainConstraints>
<use>1</use>
<logicalDatatype>LOGDT024</logicalDatatype>
<dataTypeSize>20 CHAR</dataTypeSize>
<ownDataTypeParameters>20 CHAR,,</ownDataTypeParameters>
</Attribute>
<Attribute name="location" id="A97DE8B6-C2F4-E09F-AAFA-792E224D4C69">
<createdBy>Administrator</createdBy>
<createdTime>2017-09-02 16:09:50 UTC</createdTime>
<comment>carnival location</comment>
<ownerDesignName>work</ownerDesignName>
<engineerTo>
<item key="93C5B731-2A84-78CC-5FAC-DDA245CA99A1" value="true"/>
</engineerTo>
<useDomainConstraints>false</useDomainConstraints>
<use>3</use>
<structuredType>47E390DE-0671-C4B1-8428-0F45CBEE18F8</structuredType>
<ownDataTypeParameters>,,</ownDataTypeParameters>
</Attribute>
<Attribute name="event" id="5B4D4A7D-A5FC-6D52-51A9-52BA1EBC3576">
<createdBy>Administrator</createdBy>
<createdTime>2017-09-02 16:10:05 UTC</createdTime>
<comment>carnival event</comment>
<ownerDesignName>work</ownerDesignName>
<engineerTo>
<item key="93C5B731-2A84-78CC-5FAC-DDA245CA99A1" value="true"/>
</engineerTo>
<useDomainConstraints>false</useDomainConstraints>
<use>3</use>
<structuredType>47E390DE-0671-C4B1-8428-0F45CBEE18F8</structuredType>
<ownDataTypeParameters>,,</ownDataTypeParameters>
</Attribute>
</attributes>
<identifiers itemClass="oracle.dbtools.crest.model.design.logical.CandidateKey">
<identifier id="8D66861E-E5D4-7413-2D0F-30C241234BC7" name="CARNIVAL PK">
<createdBy>Administrator</createdBy>
<createdTime>2017-09-02 16:08:53 UTC</createdTime>
<ownerDesignName>work</ownerDesignName>
<shouldEngineer>false</shouldEngineer>
<engineerTo>
<item key="93C5B731-2A84-78CC-5FAC-DDA245CA99A1" value="false"/>
</engineerTo>
<pk>true</pk>
<usedAttributes>
<attributeRef>84E75DEA-B593-1BFC-15FB-F446B2FD81D3</attributeRef>
</usedAttributes>
</identifier>
</identifiers>
</Entity>