<?xml version = '1.0' encoding = 'UTF-8'?>
<Entity class="oracle.dbtools.crest.model.design.logical.Entity" directorySegmentName="seg_0" id="12DD2FC6-A9E6-6083-7892-FBB4AC29BBDB" name="ENTRY">
<createdBy>Administrator</createdBy>
<createdTime>2017-09-02 23:56:40 UTC</createdTime>
<ownerDesignName>work</ownerDesignName>
<engineerTo>
<item key="93C5B731-2A84-78CC-5FAC-DDA245CA99A1" value="true"/>
</engineerTo>
<adequatelyNormalized>NO</adequatelyNormalized>
<expectedVolumes>0</expectedVolumes>
<fwdEngineeringStrategyName>Single Table</fwdEngineeringStrategyName>
<growthPercent>0</growthPercent>
<growthType>Year</growthType>
<maxVolumes>9999999</maxVolumes>
<minVolumes>0</minVolumes>
<normalForm>Third</normalForm>
<attributes itemClass="oracle.dbtools.crest.model.design.logical.Attribute">
<Attribute name="enumber" id="F16B3D71-CB58-D7EC-9753-30F326C74982">
<createdBy>Administrator</createdBy>
<createdTime>2017-09-02 23:56:50 UTC</createdTime>
<comment>entry number</comment>
<ownerDesignName>work</ownerDesignName>
<engineerTo>
<item key="93C5B731-2A84-78CC-5FAC-DDA245CA99A1" value="true"/>
</engineerTo>
<useDomainConstraints>false</useDomainConstraints>
<use>1</use>
<logicalDatatype>LOGDT024</logicalDatatype>
<dataTypeSize>10 CHAR</dataTypeSize>
<ownDataTypeParameters>10 CHAR,,</ownDataTypeParameters>
</Attribute>
<Attribute name="event" id="F3CD5321-58F4-CD24-978C-BCF6802346AB">
<createdBy>Administrator</createdBy>
<createdTime>2017-09-02 23:57:28 UTC</createdTime>
<comment>event name</comment>
<ownerDesignName>work</ownerDesignName>
<engineerTo>
<item key="93C5B731-2A84-78CC-5FAC-DDA245CA99A1" value="true"/>
</engineerTo>
<useDomainConstraints>false</useDomainConstraints>
<use>1</use>
<structuredType>47E390DE-0671-C4B1-8428-0F45CBEE18F8</structuredType>
<logicalDatatype>LOGDT024</logicalDatatype>
<dataTypeSize>20 CHAR</dataTypeSize>
<ownDataTypeParameters>20 CHAR,,</ownDataTypeParameters>
</Attribute>
<Attribute name="teamname" id="2B0F54C4-1A44-119C-F5D9-C18EAEBB6CE8">
<createdBy>Administrator</createdBy>
<createdTime>2017-09-03 00:00:13 UTC</createdTime>
<ownerDesignName>work</ownerDesignName>
<engineerTo>
<item key="93C5B731-2A84-78CC-5FAC-DDA245CA99A1" value="true"/>
</engineerTo>
<nullsAllowed>true</nullsAllowed>
<useDomainConstraints>false</useDomainConstraints>
<use>1</use>
<logicalDatatype>LOGDT024</logicalDatatype>
<dataTypeSize>20 CHAR</dataTypeSize>
<ownDataTypeParameters>20 CHAR,,</ownDataTypeParameters>
</Attribute>
<Attribute name="date" id="DE68EFFB-9484-FC38-8700-8EC25F7A1C47">
<createdBy>Administrator</createdBy>
<createdTime>2017-09-03 00:28:48 UTC</createdTime>
<comment>carnival date</comment>
<generatorID>2CF1C801-B41F-2E70-3443-A033D367F053</generatorID>
<ownerDesignName>work</ownerDesignName>
<engineerTo>
<item key="93C5B731-2A84-78CC-5FAC-DDA245CA99A1" value="true"/>
</engineerTo>
<referedAttribute>84E75DEA-B593-1BFC-15FB-F446B2FD81D3</referedAttribute>
<useDomainConstraints>false</useDomainConstraints>
<use>1</use>
<logicalDatatype>LOGDT008</logicalDatatype>
<ownDataTypeParameters>,,</ownDataTypeParameters>
</Attribute>
</attributes>
<identifiers itemClass="oracle.dbtools.crest.model.design.logical.CandidateKey">
<identifier id="D2ACF810-4223-5507-4CFB-478865D939D5" name="Entry PK">
<createdBy>Administrator</createdBy>
<createdTime>2017-09-02 23:57:08 UTC</createdTime>
<ownerDesignName>work</ownerDesignName>
<shouldEngineer>false</shouldEngineer>
<engineerTo>
<item key="93C5B731-2A84-78CC-5FAC-DDA245CA99A1" value="false"/>
</engineerTo>
<pk>true</pk>
<usedAttributes>
<attributeRef>F16B3D71-CB58-D7EC-9753-30F326C74982</attributeRef>
</usedAttributes>
</identifier>
</identifiers>
</Entity>