<?xml version = '1.0' encoding = 'UTF-8'?>
<Entity class="oracle.dbtools.crest.model.design.logical.Entity" directorySegmentName="seg_0" id="62E9A00F-940B-F9F8-580C-707FE74E2B8B" name="VOLUNTEER">
<createdBy>Administrator</createdBy>
<createdTime>2017-09-03 00:18:30 UTC</createdTime>
<ownerDesignName>work</ownerDesignName>
<engineerTo>
<item key="93C5B731-2A84-78CC-5FAC-DDA245CA99A1" value="true"/>
</engineerTo>
<adequatelyNormalized>NO</adequatelyNormalized>
<expectedVolumes>0</expectedVolumes>
<fwdEngineeringStrategyName>Single Table</fwdEngineeringStrategyName>
<growthPercent>0</growthPercent>
<growthType>Year</growthType>
<maxVolumes>9999999</maxVolumes>
<minVolumes>0</minVolumes>
<normalForm>Third</normalForm>
<attributes itemClass="oracle.dbtools.crest.model.design.logical.Attribute">
<Attribute name="vnumber" id="03AE8394-ADCA-EB3B-3082-193518B398D4">
<createdBy>Administrator</createdBy>
<createdTime>2017-09-03 00:18:42 UTC</createdTime>
<comment>volunteer&apos;s number</comment>
<ownerDesignName>work</ownerDesignName>
<engineerTo>
<item key="93C5B731-2A84-78CC-5FAC-DDA245CA99A1" value="true"/>
</engineerTo>
<useDomainConstraints>false</useDomainConstraints>
<use>1</use>
<logicalDatatype>LOGDT024</logicalDatatype>
<dataTypeSize>10 CHAR</dataTypeSize>
<ownDataTypeParameters>10 CHAR,,</ownDataTypeParameters>
</Attribute>
<Attribute name="vname" id="309243F4-29DF-4D43-AF43-2008BE84E01B">
<createdBy>Administrator</createdBy>
<createdTime>2017-09-03 00:19:04 UTC</createdTime>
<comment>volunteer&apos;s name</comment>
<ownerDesignName>work</ownerDesignName>
<engineerTo>
<item key="93C5B731-2A84-78CC-5FAC-DDA245CA99A1" value="true"/>
</engineerTo>
<useDomainConstraints>false</useDomainConstraints>
<use>1</use>
<logicalDatatype>LOGDT024</logicalDatatype>
<dataTypeSize>20 CHAR</dataTypeSize>
<ownDataTypeParameters>20 CHAR,,</ownDataTypeParameters>
</Attribute>
</attributes>
<identifiers itemClass="oracle.dbtools.crest.model.design.logical.CandidateKey">
<identifier id="2BA658DB-B159-3118-2542-B0C9C2624A19" name="VOLUNTEER PK">
<createdBy>Administrator</createdBy>
<createdTime>2017-09-03 00:19:01 UTC</createdTime>
<ownerDesignName>work</ownerDesignName>
<shouldEngineer>false</shouldEngineer>
<engineerTo>
<item key="93C5B731-2A84-78CC-5FAC-DDA245CA99A1" value="false"/>
</engineerTo>
<pk>true</pk>
<usedAttributes>
<attributeRef>03AE8394-ADCA-EB3B-3082-193518B398D4</attributeRef>
</usedAttributes>
</identifier>
</identifiers>
</Entity>