<?xml version = '1.0' encoding = 'UTF-8'?>
<Entity class="oracle.dbtools.crest.model.design.logical.Entity" directorySegmentName="seg_0" id="6EFB84FB-F06C-0246-6B13-D6F2DF3674F4" name="MERCHANDIISE">
<createdBy>Administrator</createdBy>
<createdTime>2017-09-03 00:13:19 UTC</createdTime>
<ownerDesignName>work</ownerDesignName>
<engineerTo>
<item key="93C5B731-2A84-78CC-5FAC-DDA245CA99A1" value="true"/>
</engineerTo>
<adequatelyNormalized>NO</adequatelyNormalized>
<expectedVolumes>0</expectedVolumes>
<fwdEngineeringStrategyName>Single Table</fwdEngineeringStrategyName>
<growthPercent>0</growthPercent>
<growthType>Year</growthType>
<maxVolumes>9999999</maxVolumes>
<minVolumes>0</minVolumes>
<normalForm>Third</normalForm>
<attributes itemClass="oracle.dbtools.crest.model.design.logical.Attribute">
<Attribute name="itemcode" id="2C8950AB-6CED-1F9F-F1B9-CBC237677E91">
<createdBy>Administrator</createdBy>
<createdTime>2017-09-03 00:13:42 UTC</createdTime>
<comment>item code of the merchandise</comment>
<ownerDesignName>work</ownerDesignName>
<engineerTo>
<item key="93C5B731-2A84-78CC-5FAC-DDA245CA99A1" value="true"/>
</engineerTo>
<useDomainConstraints>false</useDomainConstraints>
<use>1</use>
<logicalDatatype>LOGDT024</logicalDatatype>
<dataTypeSize>20 CHAR</dataTypeSize>
<ownDataTypeParameters>20 CHAR,,</ownDataTypeParameters>
</Attribute>
<Attribute name="itemdescription" id="977EABF8-AF44-0E68-4E60-8608DA121A86">
<createdBy>Administrator</createdBy>
<createdTime>2017-09-03 00:13:55 UTC</createdTime>
<comment>item&apos;s description</comment>
<ownerDesignName>work</ownerDesignName>
<engineerTo>
<item key="93C5B731-2A84-78CC-5FAC-DDA245CA99A1" value="true"/>
</engineerTo>
<useDomainConstraints>false</useDomainConstraints>
<use>1</use>
<logicalDatatype>LOGDT024</logicalDatatype>
<ownDataTypeParameters>,,</ownDataTypeParameters>
</Attribute>
<Attribute name="qtn" id="1D9A1576-9FB2-57AF-B7B9-AD3E567662FE">
<createdBy>Administrator</createdBy>
<createdTime>2017-09-03 00:14:32 UTC</createdTime>
<comment>quantity of the item</comment>
<ownerDesignName>work</ownerDesignName>
<engineerTo>
<item key="93C5B731-2A84-78CC-5FAC-DDA245CA99A1" value="true"/>
</engineerTo>
<useDomainConstraints>false</useDomainConstraints>
<use>1</use>
<logicalDatatype>LOGDT011</logicalDatatype>
<ownDataTypeParameters>,,</ownDataTypeParameters>
</Attribute>
<Attribute name="linecost" id="D69316EB-2560-EFB6-1301-5914D59DA8BB">
<createdBy>Administrator</createdBy>
<createdTime>2017-09-03 00:15:28 UTC</createdTime>
<comment>line cost of the item</comment>
<ownerDesignName>work</ownerDesignName>
<engineerTo>
<item key="93C5B731-2A84-78CC-5FAC-DDA245CA99A1" value="true"/>
</engineerTo>
<useDomainConstraints>false</useDomainConstraints>
<use>1</use>
<logicalDatatype>LOGDT021</logicalDatatype>
<dataTypeScale>2</dataTypeScale>
<ownDataTypeParameters>,,2</ownDataTypeParameters>
</Attribute>
<Attribute name="ordernumber" id="BF143A87-58D6-F09B-5ABC-67FBC01AD14F">
<createdBy>Administrator</createdBy>
<createdTime>2017-09-03 00:24:55 UTC</createdTime>
<comment>order number</comment>
<generatorID>AD0ABF82-443D-9A0F-8A47-F69CC7B34421</generatorID>
<ownerDesignName>work</ownerDesignName>
<engineerTo>
<item key="93C5B731-2A84-78CC-5FAC-DDA245CA99A1" value="true"/>
</engineerTo>
<referedAttribute>BAFFD7D3-4C1B-1AC8-5296-F83DCD73CB41</referedAttribute>
<useDomainConstraints>false</useDomainConstraints>
<use>1</use>
<logicalDatatype>LOGDT024</logicalDatatype>
<dataTypeSize>8 CHAR</dataTypeSize>
<ownDataTypeParameters>,,</ownDataTypeParameters>
</Attribute>
<Attribute name="itemcode1" id="48CF0ED5-D0ED-7ECE-47A1-FD03D13A9187">
<createdBy>Administrator</createdBy>
<createdTime>2017-09-03 00:26:29 UTC</createdTime>
<comment>the item code</comment>
<generatorID>EE218BF4-F05B-D466-CA2E-E5C8DF365D12</generatorID>
<ownerDesignName>work</ownerDesignName>
<engineerTo>
<item key="93C5B731-2A84-78CC-5FAC-DDA245CA99A1" value="true"/>
</engineerTo>
<referedAttribute>1AC440F2-3649-346A-548F-6426D4B2C635</referedAttribute>
<useDomainConstraints>false</useDomainConstraints>
<use>1</use>
<logicalDatatype>LOGDT024</logicalDatatype>
<dataTypeSize>20 CHAR</dataTypeSize>
<ownDataTypeParameters>,,</ownDataTypeParameters>
</Attribute>
</attributes>
<identifiers itemClass="oracle.dbtools.crest.model.design.logical.CandidateKey">
<identifier id="1F9A2B24-F997-E083-61CE-F8D7E04DA557" name="MERCHANDIISE PK">
<createdBy>Administrator</createdBy>
<createdTime>2017-09-03 00:13:46 UTC</createdTime>
<ownerDesignName>work</ownerDesignName>
<shouldEngineer>false</shouldEngineer>
<engineerTo>
<item key="93C5B731-2A84-78CC-5FAC-DDA245CA99A1" value="false"/>
</engineerTo>
<pk>true</pk>
<usedAttributes>
<attributeRef>2C8950AB-6CED-1F9F-F1B9-CBC237677E91</attributeRef>
<attributeRef>BF143A87-58D6-F09B-5ABC-67FBC01AD14F</attributeRef>
</usedAttributes>
</identifier>
</identifiers>
</Entity>