<?xml version = '1.0' encoding = 'UTF-8'?>
<Entity class="oracle.dbtools.crest.model.design.logical.Entity" directorySegmentName="seg_0" id="960B18AB-22C7-7101-E6B8-A424D8499764" name="COMPETITOR">
<createdBy>Administrator</createdBy>
<createdTime>2017-09-02 23:43:40 UTC</createdTime>
<ownerDesignName>work</ownerDesignName>
<engineerTo>
<item key="93C5B731-2A84-78CC-5FAC-DDA245CA99A1" value="true"/>
</engineerTo>
<adequatelyNormalized>NO</adequatelyNormalized>
<expectedVolumes>0</expectedVolumes>
<fwdEngineeringStrategyName>Single Table</fwdEngineeringStrategyName>
<growthPercent>0</growthPercent>
<growthType>Year</growthType>
<maxVolumes>9999999</maxVolumes>
<minVolumes>0</minVolumes>
<normalForm>Third</normalForm>
<attributes itemClass="oracle.dbtools.crest.model.design.logical.Attribute">
<Attribute name="cnumber" id="F7F35E05-C256-1753-6465-7A9FBACA8A7B">
<createdBy>Administrator</createdBy>
<createdTime>2017-09-02 23:45:02 UTC</createdTime>
<comment>competitor number</comment>
<ownerDesignName>work</ownerDesignName>
<engineerTo>
<item key="93C5B731-2A84-78CC-5FAC-DDA245CA99A1" value="true"/>
</engineerTo>
<useDomainConstraints>false</useDomainConstraints>
<use>1</use>
<logicalDatatype>LOGDT024</logicalDatatype>
<dataTypeSize>6 CHAR</dataTypeSize>
<ownDataTypeParameters>6 CHAR,,</ownDataTypeParameters>
</Attribute>
<Attribute name="cfirstname" id="93FDE584-B8A1-8E4B-2E73-146756720263">
<createdBy>Administrator</createdBy>
<createdTime>2017-09-02 23:45:29 UTC</createdTime>
<comment>competitor fisrtname</comment>
<ownerDesignName>work</ownerDesignName>
<engineerTo>
<item key="93C5B731-2A84-78CC-5FAC-DDA245CA99A1" value="true"/>
</engineerTo>
<useDomainConstraints>false</useDomainConstraints>
<use>1</use>
<logicalDatatype>LOGDT024</logicalDatatype>
<dataTypeSize>20 CHAR</dataTypeSize>
<ownDataTypeParameters>20 CHAR,,</ownDataTypeParameters>
</Attribute>
<Attribute name="clastname" id="8B84CCB7-A751-9E26-092C-4314E7E067DD">
<createdBy>Administrator</createdBy>
<createdTime>2017-09-02 23:46:03 UTC</createdTime>
<comment>competitor last name</comment>
<ownerDesignName>work</ownerDesignName>
<engineerTo>
<item key="93C5B731-2A84-78CC-5FAC-DDA245CA99A1" value="true"/>
</engineerTo>
<useDomainConstraints>false</useDomainConstraints>
<use>1</use>
<logicalDatatype>LOGDT024</logicalDatatype>
<dataTypeSize>20 CHAR</dataTypeSize>
<ownDataTypeParameters>20 CHAR,,</ownDataTypeParameters>
</Attribute>
<Attribute name="cname" id="743F6E77-1185-BA29-EA3D-CD4FAA110FF6">
<createdBy>Administrator</createdBy>
<createdTime>2017-09-02 23:46:33 UTC</createdTime>
<comment>competitor name</comment>
<ownerDesignName>work</ownerDesignName>
<engineerTo>
<item key="93C5B731-2A84-78CC-5FAC-DDA245CA99A1" value="true"/>
</engineerTo>
<useDomainConstraints>false</useDomainConstraints>
<use>1</use>
<logicalDatatype>LOGDT024</logicalDatatype>
<dataTypeSize>30 CHAR</dataTypeSize>
<ownDataTypeParameters>30 CHAR,,</ownDataTypeParameters>
</Attribute>
<Attribute name="cgender" id="AE201467-39B3-DEE9-1A0A-95C8B107C014">
<createdBy>Administrator</createdBy>
<createdTime>2017-09-02 23:46:51 UTC</createdTime>
<comment>competitor&apos;s gender, female or male</comment>
<ownerDesignName>work</ownerDesignName>
<engineerTo>
<item key="93C5B731-2A84-78CC-5FAC-DDA245CA99A1" value="true"/>
</engineerTo>
<useDomainConstraints>false</useDomainConstraints>
<use>1</use>
<logicalDatatype>LOGDT006</logicalDatatype>
<dataTypeSize>1</dataTypeSize>
<ownDataTypeParameters>1,,</ownDataTypeParameters>
</Attribute>
<Attribute name="cbirthday" id="370F2846-F531-FB1D-3B12-7AB9A71E8D2F">
<createdBy>Administrator</createdBy>
<createdTime>2017-09-02 23:47:19 UTC</createdTime>
<comment>competitor&apos;s birthday</comment>
<ownerDesignName>work</ownerDesignName>
<engineerTo>
<item key="93C5B731-2A84-78CC-5FAC-DDA245CA99A1" value="true"/>
</engineerTo>
<useDomainConstraints>false</useDomainConstraints>
<use>1</use>
<logicalDatatype>LOGDT008</logicalDatatype>
<ownDataTypeParameters>,,</ownDataTypeParameters>
</Attribute>
<Attribute name="cemail" id="BED196C2-6E92-7D9F-87E8-677F3F0C6231">
<createdBy>Administrator</createdBy>
<createdTime>2017-09-02 23:47:48 UTC</createdTime>
<comment>competitor&apos;s email</comment>
<ownerDesignName>work</ownerDesignName>
<engineerTo>
<item key="93C5B731-2A84-78CC-5FAC-DDA245CA99A1" value="true"/>
</engineerTo>
<useDomainConstraints>false</useDomainConstraints>
<use>1</use>
<logicalDatatype>LOGDT024</logicalDatatype>
<dataTypeSize>30 CHAR</dataTypeSize>
<ownDataTypeParameters>30 CHAR,,</ownDataTypeParameters>
</Attribute>
<Attribute name="cIsStu" id="7BC86BDD-1679-844A-8BD3-3EC49DBFA81B">
<createdBy>Administrator</createdBy>
<createdTime>2017-09-02 23:48:13 UTC</createdTime>
<comment>is the competitor a universty student?</comment>
<ownerDesignName>work</ownerDesignName>
<engineerTo>
<item key="93C5B731-2A84-78CC-5FAC-DDA245CA99A1" value="true"/>
</engineerTo>
<useDomainConstraints>false</useDomainConstraints>
<use>1</use>
<logicalDatatype>LOGDT006</logicalDatatype>
<dataTypeSize>1</dataTypeSize>
<ownDataTypeParameters>1,,</ownDataTypeParameters>
</Attribute>
<Attribute name="cMobile" id="413AB2A0-D817-A7E7-DAA8-C0FFA0BBD692">
<createdBy>Administrator</createdBy>
<createdTime>2017-09-02 23:48:52 UTC</createdTime>
<comment>competitor&apos;s mobile</comment>
<ownerDesignName>work</ownerDesignName>
<engineerTo>
<item key="93C5B731-2A84-78CC-5FAC-DDA245CA99A1" value="true"/>
</engineerTo>
<useDomainConstraints>false</useDomainConstraints>
<use>1</use>
<logicalDatatype>LOGDT024</logicalDatatype>
<dataTypeSize>30 CHAR</dataTypeSize>
<ownDataTypeParameters>30 CHAR,,</ownDataTypeParameters>
</Attribute>
<Attribute name="cIsAnyCondition" id="FCEAA717-F492-39E2-CDAD-284598752F0A">
<createdBy>Administrator</createdBy>
<createdTime>2017-09-02 23:49:20 UTC</createdTime>
<comment>Is there any condition with the competitor?</comment>
<ownerDesignName>work</ownerDesignName>
<engineerTo>
<item key="93C5B731-2A84-78CC-5FAC-DDA245CA99A1" value="true"/>
</engineerTo>
<useDomainConstraints>false</useDomainConstraints>
<use>1</use>
<logicalDatatype>LOGDT006</logicalDatatype>
<dataTypeSize>1</dataTypeSize>
<ownDataTypeParameters>1,,</ownDataTypeParameters>
</Attribute>
<Attribute name="cArea" id="8253EFFA-5231-0305-1A2F-1FCCFF482595">
<createdBy>Administrator</createdBy>
<createdTime>2017-09-02 23:50:01 UTC</createdTime>
<comment>condition areas</comment>
<ownerDesignName>work</ownerDesignName>
<engineerTo>
<item key="93C5B731-2A84-78CC-5FAC-DDA245CA99A1" value="true"/>
</engineerTo>
<nullsAllowed>true</nullsAllowed>
<useDomainConstraints>false</useDomainConstraints>
<use>3</use>
<structuredType>47E390DE-0671-C4B1-8428-0F45CBEE18F8</structuredType>
<ownDataTypeParameters>,,</ownDataTypeParameters>
</Attribute>
<Attribute name="ecfirstname" id="CC7A43CA-E9C0-AA32-0D4D-30FBFC2EC826">
<createdBy>Administrator</createdBy>
<createdTime>2017-09-02 23:50:23 UTC</createdTime>
<comment>emergency contact&apos;s  firstname</comment>
<ownerDesignName>work</ownerDesignName>
<engineerTo>
<item key="93C5B731-2A84-78CC-5FAC-DDA245CA99A1" value="true"/>
</engineerTo>
<useDomainConstraints>false</useDomainConstraints>
<use>1</use>
<logicalDatatype>LOGDT024</logicalDatatype>
<dataTypeSize>20 CHAR</dataTypeSize>
<ownDataTypeParameters>20 CHAR,,</ownDataTypeParameters>
</Attribute>
<Attribute name="eclastname" id="CC33F4AE-DD5F-4B7C-96CB-3B6F0C3EECA5">
<createdBy>Administrator</createdBy>
<createdTime>2017-09-02 23:51:00 UTC</createdTime>
<comment>emergency contact&apos;s lastname</comment>
<ownerDesignName>work</ownerDesignName>
<engineerTo>
<item key="93C5B731-2A84-78CC-5FAC-DDA245CA99A1" value="true"/>
</engineerTo>
<useDomainConstraints>false</useDomainConstraints>
<use>1</use>
<logicalDatatype>LOGDT024</logicalDatatype>
<dataTypeSize>20 CHAR</dataTypeSize>
<ownDataTypeParameters>20 CHAR,,</ownDataTypeParameters>
</Attribute>
<Attribute name="ecname" id="F18F94E4-6BCC-A0C5-BA18-EE1227A7274F">
<createdBy>Administrator</createdBy>
<createdTime>2017-09-02 23:51:25 UTC</createdTime>
<comment>emergency contact&apos;s name</comment>
<ownerDesignName>work</ownerDesignName>
<engineerTo>
<item key="93C5B731-2A84-78CC-5FAC-DDA245CA99A1" value="true"/>
</engineerTo>
<useDomainConstraints>false</useDomainConstraints>
<use>1</use>
<logicalDatatype>LOGDT024</logicalDatatype>
<dataTypeSize>30 CHAR</dataTypeSize>
<ownDataTypeParameters>30 CHAR,,</ownDataTypeParameters>
</Attribute>
<Attribute name="ecphone" id="67D3DE42-C2A1-7E27-4466-1795A6D5B29B">
<createdBy>Administrator</createdBy>
<createdTime>2017-09-02 23:51:49 UTC</createdTime>
<comment>emergency contact&apos;s phone</comment>
<ownerDesignName>work</ownerDesignName>
<engineerTo>
<item key="93C5B731-2A84-78CC-5FAC-DDA245CA99A1" value="true"/>
</engineerTo>
<useDomainConstraints>false</useDomainConstraints>
<use>1</use>
<logicalDatatype>LOGDT024</logicalDatatype>
<dataTypeSize>20 CHAR</dataTypeSize>
<ownDataTypeParameters>20 CHAR,,</ownDataTypeParameters>
</Attribute>
<Attribute name="ecrelation" id="4CDDCB09-196F-9681-39E4-F8E6D78D5FC1">
<createdBy>Administrator</createdBy>
<createdTime>2017-09-02 23:52:16 UTC</createdTime>
<comment>emergency contact&apos;s relationship with the competitor</comment>
<ownerDesignName>work</ownerDesignName>
<engineerTo>
<item key="93C5B731-2A84-78CC-5FAC-DDA245CA99A1" value="true"/>
</engineerTo>
<useDomainConstraints>false</useDomainConstraints>
<use>1</use>
<logicalDatatype>LOGDT024</logicalDatatype>
<dataTypeSize>20 CHAR</dataTypeSize>
<ownDataTypeParameters>20 CHAR,,</ownDataTypeParameters>
</Attribute>
<Attribute name="gfistname" id="E60DD0CA-84D1-AF08-54C2-F2EC77340635">
<createdBy>Administrator</createdBy>
<createdTime>2017-09-02 23:52:43 UTC</createdTime>
<comment>guardian&apos;s firstname</comment>
<ownerDesignName>work</ownerDesignName>
<engineerTo>
<item key="93C5B731-2A84-78CC-5FAC-DDA245CA99A1" value="true"/>
</engineerTo>
<useDomainConstraints>false</useDomainConstraints>
<use>1</use>
<logicalDatatype>LOGDT024</logicalDatatype>
<dataTypeSize>20 CHAR</dataTypeSize>
<ownDataTypeParameters>20 CHAR,,</ownDataTypeParameters>
</Attribute>
<Attribute name="glastname" id="FCB7739F-4DB8-3461-96B2-E3A877E139F8">
<createdBy>Administrator</createdBy>
<createdTime>2017-09-02 23:53:23 UTC</createdTime>
<comment>guardian&apos;s  lastname</comment>
<ownerDesignName>work</ownerDesignName>
<engineerTo>
<item key="93C5B731-2A84-78CC-5FAC-DDA245CA99A1" value="true"/>
</engineerTo>
<useDomainConstraints>false</useDomainConstraints>
<use>1</use>
<logicalDatatype>LOGDT024</logicalDatatype>
<dataTypeSize>20 CHAR</dataTypeSize>
<ownDataTypeParameters>20 CHAR,,</ownDataTypeParameters>
</Attribute>
<Attribute name="gname" id="50AD632A-F4EE-CB2E-847C-1F347FB2F9BC">
<createdBy>Administrator</createdBy>
<createdTime>2017-09-02 23:53:50 UTC</createdTime>
<comment>guardian&apos;s name</comment>
<ownerDesignName>work</ownerDesignName>
<engineerTo>
<item key="93C5B731-2A84-78CC-5FAC-DDA245CA99A1" value="true"/>
</engineerTo>
<nullsAllowed>true</nullsAllowed>
<useDomainConstraints>false</useDomainConstraints>
<use>1</use>
<logicalDatatype>LOGDT024</logicalDatatype>
<dataTypeSize>30 CHAR</dataTypeSize>
<ownDataTypeParameters>30 CHAR,,</ownDataTypeParameters>
</Attribute>
<Attribute name="gphone" id="D50BF898-BCBC-E7E7-0056-CA0C68D59883">
<createdBy>Administrator</createdBy>
<createdTime>2017-09-02 23:54:47 UTC</createdTime>
<comment>guardian&apos;s phone</comment>
<ownerDesignName>work</ownerDesignName>
<engineerTo>
<item key="93C5B731-2A84-78CC-5FAC-DDA245CA99A1" value="true"/>
</engineerTo>
<useDomainConstraints>false</useDomainConstraints>
<use>1</use>
<logicalDatatype>LOGDT024</logicalDatatype>
<dataTypeSize>gphone CHAR</dataTypeSize>
<ownDataTypeParameters>gphone CHAR,,</ownDataTypeParameters>
</Attribute>
<Attribute name="enumber" id="6FC36DD8-8181-97A3-61BF-F78DDE913E86">
<createdBy>Administrator</createdBy>
<createdTime>2017-09-03 00:29:43 UTC</createdTime>
<comment>entry number</comment>
<generatorID>00BCB921-1E9E-60BA-21FF-021AF72FC5FE</generatorID>
<ownerDesignName>work</ownerDesignName>
<engineerTo>
<item key="93C5B731-2A84-78CC-5FAC-DDA245CA99A1" value="true"/>
</engineerTo>
<referedAttribute>F16B3D71-CB58-D7EC-9753-30F326C74982</referedAttribute>
<use>1</use>
<logicalDatatype>LOGDT024</logicalDatatype>
<dataTypeSize>10 CHAR</dataTypeSize>
<ownDataTypeParameters>,,</ownDataTypeParameters>
</Attribute>
</attributes>
<identifiers itemClass="oracle.dbtools.crest.model.design.logical.CandidateKey">
<identifier id="F0CC97DE-9DA7-E545-9BF7-C9DF1A6B8D13" name="COMPETITOR PK">
<createdBy>Administrator</createdBy>
<createdTime>2017-09-02 23:45:31 UTC</createdTime>
<ownerDesignName>work</ownerDesignName>
<shouldEngineer>false</shouldEngineer>
<engineerTo>
<item key="93C5B731-2A84-78CC-5FAC-DDA245CA99A1" value="false"/>
</engineerTo>
<pk>true</pk>
<usedAttributes>
<attributeRef>F7F35E05-C256-1753-6465-7A9FBACA8A7B</attributeRef>
</usedAttributes>
</identifier>
</identifiers>
</Entity>