<?xml version = '1.0' encoding = 'UTF-8'?>
<Entity class="oracle.dbtools.crest.model.design.logical.Entity" directorySegmentName="seg_0" id="D7E8AD1D-279D-A043-CAC6-441877EA3789" name="SPONSOR">
<createdBy>Administrator</createdBy>
<createdTime>2017-09-02 23:36:43 UTC</createdTime>
<ownerDesignName>work</ownerDesignName>
<engineerTo>
<item key="93C5B731-2A84-78CC-5FAC-DDA245CA99A1" value="true"/>
</engineerTo>
<adequatelyNormalized>NO</adequatelyNormalized>
<expectedVolumes>0</expectedVolumes>
<fwdEngineeringStrategyName>Single Table</fwdEngineeringStrategyName>
<growthPercent>0</growthPercent>
<growthType>Year</growthType>
<maxVolumes>9999999</maxVolumes>
<minVolumes>0</minVolumes>
<normalForm>Third</normalForm>
<attributes itemClass="oracle.dbtools.crest.model.design.logical.Attribute">
<Attribute name="sponsorname" id="33995D1A-EA1A-0945-B5FC-ABD77C8846F2">
<createdBy>Administrator</createdBy>
<createdTime>2017-09-02 23:36:53 UTC</createdTime>
<comment>sponsor name</comment>
<ownerDesignName>work</ownerDesignName>
<engineerTo>
<item key="93C5B731-2A84-78CC-5FAC-DDA245CA99A1" value="true"/>
</engineerTo>
<useDomainConstraints>false</useDomainConstraints>
<use>1</use>
<logicalDatatype>LOGDT024</logicalDatatype>
<dataTypeSize>20 CHAR</dataTypeSize>
<ownDataTypeParameters>20 CHAR,,</ownDataTypeParameters>
</Attribute>
<Attribute name="isNaming" id="0B08F65F-CBB0-99B2-B9E6-163387395B06">
<createdBy>Administrator</createdBy>
<createdTime>2017-09-02 23:37:10 UTC</createdTime>
<comment>Naming Sponsor </comment>
<ownerDesignName>work</ownerDesignName>
<engineerTo>
<item key="93C5B731-2A84-78CC-5FAC-DDA245CA99A1" value="true"/>
</engineerTo>
<useDomainConstraints>false</useDomainConstraints>
<use>1</use>
<logicalDatatype>LOGDT006</logicalDatatype>
<dataTypeSize>1 BYTE</dataTypeSize>
<ownDataTypeParameters>1 BYTE,,</ownDataTypeParameters>
</Attribute>
<Attribute name="sponsoramount" id="6893D645-F96C-D8B5-FFE0-72C4D853FBEC">
<createdBy>Administrator</createdBy>
<createdTime>2017-09-02 23:37:35 UTC</createdTime>
<comment>Amount of Sponsorship</comment>
<ownerDesignName>work</ownerDesignName>
<engineerTo>
<item key="93C5B731-2A84-78CC-5FAC-DDA245CA99A1" value="true"/>
</engineerTo>
<useDomainConstraints>false</useDomainConstraints>
<use>1</use>
<logicalDatatype>LOGDT021</logicalDatatype>
<dataTypeScale>2</dataTypeScale>
<ownDataTypeParameters>,,2</ownDataTypeParameters>
</Attribute>
<Attribute name="sponsoracontact" id="66C5648A-3D05-9D22-1D00-2C369CD4B638">
<createdBy>Administrator</createdBy>
<createdTime>2017-09-02 23:38:20 UTC</createdTime>
<comment>Sponsor Contact </comment>
<ownerDesignName>work</ownerDesignName>
<engineerTo>
<item key="93C5B731-2A84-78CC-5FAC-DDA245CA99A1" value="true"/>
</engineerTo>
<useDomainConstraints>false</useDomainConstraints>
<use>1</use>
<logicalDatatype>LOGDT024</logicalDatatype>
<dataTypeSize>30 CHAR</dataTypeSize>
<ownDataTypeParameters>30 CHAR,,</ownDataTypeParameters>
</Attribute>
<Attribute name="sponsorphone" id="307E2866-A917-D45E-E6FD-287B2CE24FFC">
<createdBy>Administrator</createdBy>
<createdTime>2017-09-02 23:39:27 UTC</createdTime>
<comment>Sponsor Phone Contact </comment>
<ownerDesignName>work</ownerDesignName>
<engineerTo>
<item key="93C5B731-2A84-78CC-5FAC-DDA245CA99A1" value="true"/>
</engineerTo>
<useDomainConstraints>false</useDomainConstraints>
<use>1</use>
<logicalDatatype>LOGDT024</logicalDatatype>
<dataTypeSize>20 CHAR</dataTypeSize>
<ownDataTypeParameters>20 CHAR,,</ownDataTypeParameters>
</Attribute>
<Attribute name="date" id="15F4EA9A-73E1-BC8E-D4F3-AC658B018C4E">
<createdBy>Administrator</createdBy>
<createdTime>2017-09-03 00:20:10 UTC</createdTime>
<comment>carnival date</comment>
<generatorID>99E462B7-31A9-20AC-C30C-CFB044E9E8F3</generatorID>
<ownerDesignName>work</ownerDesignName>
<engineerTo>
<item key="93C5B731-2A84-78CC-5FAC-DDA245CA99A1" value="true"/>
</engineerTo>
<referedAttribute>84E75DEA-B593-1BFC-15FB-F446B2FD81D3</referedAttribute>
<useDomainConstraints>false</useDomainConstraints>
<use>1</use>
<logicalDatatype>LOGDT008</logicalDatatype>
<ownDataTypeParameters>,,</ownDataTypeParameters>
</Attribute>
</attributes>
<identifiers itemClass="oracle.dbtools.crest.model.design.logical.CandidateKey">
<identifier id="CE88CB6B-EA7F-FEF4-7098-7E306C3B2930" name="SPONSOR PK">
<createdBy>Administrator</createdBy>
<createdTime>2017-09-02 23:37:07 UTC</createdTime>
<ownerDesignName>work</ownerDesignName>
<shouldEngineer>false</shouldEngineer>
<engineerTo>
<item key="93C5B731-2A84-78CC-5FAC-DDA245CA99A1" value="false"/>
</engineerTo>
<pk>true</pk>
<usedAttributes>
<attributeRef>33995D1A-EA1A-0945-B5FC-ABD77C8846F2</attributeRef>
</usedAttributes>
</identifier>
</identifiers>
</Entity>