<?xml version = '1.0' encoding = 'UTF-8'?>
<Entity class="oracle.dbtools.crest.model.design.logical.Entity" directorySegmentName="seg_0" id="F7E904A1-EC63-47AA-7DFC-2DE894D06DB1" name="ORDER">
<createdBy>Administrator</createdBy>
<createdTime>2017-09-03 00:00:39 UTC</createdTime>
<ownerDesignName>work</ownerDesignName>
<engineerTo>
<item key="93C5B731-2A84-78CC-5FAC-DDA245CA99A1" value="true"/>
</engineerTo>
<adequatelyNormalized>NO</adequatelyNormalized>
<expectedVolumes>0</expectedVolumes>
<fwdEngineeringStrategyName>Single Table</fwdEngineeringStrategyName>
<growthPercent>0</growthPercent>
<growthType>Year</growthType>
<maxVolumes>9999999</maxVolumes>
<minVolumes>0</minVolumes>
<normalForm>Third</normalForm>
<attributes itemClass="oracle.dbtools.crest.model.design.logical.Attribute">
<Attribute name="ordernumber" id="BAFFD7D3-4C1B-1AC8-5296-F83DCD73CB41">
<createdBy>Administrator</createdBy>
<createdTime>2017-09-03 00:01:13 UTC</createdTime>
<comment>order number</comment>
<ownerDesignName>work</ownerDesignName>
<engineerTo>
<item key="93C5B731-2A84-78CC-5FAC-DDA245CA99A1" value="true"/>
</engineerTo>
<useDomainConstraints>false</useDomainConstraints>
<use>1</use>
<logicalDatatype>LOGDT024</logicalDatatype>
<dataTypeSize>8 CHAR</dataTypeSize>
<ownDataTypeParameters>8 CHAR,,</ownDataTypeParameters>
</Attribute>
<Attribute name="orderdate" id="24D69CAA-7903-FEA3-F41D-C546BD7301A4">
<createdBy>Administrator</createdBy>
<createdTime>2017-09-03 00:01:46 UTC</createdTime>
<comment>order date</comment>
<ownerDesignName>work</ownerDesignName>
<engineerTo>
<item key="93C5B731-2A84-78CC-5FAC-DDA245CA99A1" value="true"/>
</engineerTo>
<nullsAllowed>true</nullsAllowed>
<useDomainConstraints>false</useDomainConstraints>
<use>1</use>
<logicalDatatype>LOGDT007</logicalDatatype>
<ownDataTypeParameters>,,</ownDataTypeParameters>
</Attribute>
<Attribute name="cvnumber" id="DFA9A471-0F1A-0C05-4136-18BF77AAD661">
<createdBy>Administrator</createdBy>
<createdTime>2017-09-03 00:02:19 UTC</createdTime>
<comment>competitor or volunteer&apos;s number</comment>
<ownerDesignName>work</ownerDesignName>
<engineerTo>
<item key="93C5B731-2A84-78CC-5FAC-DDA245CA99A1" value="true"/>
</engineerTo>
<nullsAllowed>true</nullsAllowed>
<useDomainConstraints>false</useDomainConstraints>
<use>1</use>
<logicalDatatype>LOGDT024</logicalDatatype>
<dataTypeSize>10 CHAR</dataTypeSize>
<ownDataTypeParameters>10 CHAR,,</ownDataTypeParameters>
</Attribute>
<Attribute name="delivery" id="DC910091-55D2-30C0-D58C-F0617AB156FB">
<createdBy>Administrator</createdBy>
<createdTime>2017-09-03 00:12:15 UTC</createdTime>
<comment>order delivery cost</comment>
<ownerDesignName>work</ownerDesignName>
<engineerTo>
<item key="93C5B731-2A84-78CC-5FAC-DDA245CA99A1" value="true"/>
</engineerTo>
<useDomainConstraints>false</useDomainConstraints>
<use>1</use>
<logicalDatatype>LOGDT021</logicalDatatype>
<dataTypePrecision>2</dataTypePrecision>
<dataTypeScale>2</dataTypeScale>
<ownDataTypeParameters>,2,2</ownDataTypeParameters>
</Attribute>
<Attribute name="totalCost" id="BC46E54F-003B-BB66-26DC-75F36A737401">
<createdBy>Administrator</createdBy>
<createdTime>2017-09-03 00:12:43 UTC</createdTime>
<comment>order&apos;s total cost</comment>
<ownerDesignName>work</ownerDesignName>
<engineerTo>
<item key="93C5B731-2A84-78CC-5FAC-DDA245CA99A1" value="true"/>
</engineerTo>
<useDomainConstraints>false</useDomainConstraints>
<use>1</use>
<logicalDatatype>LOGDT021</logicalDatatype>
<dataTypeScale>2</dataTypeScale>
<ownDataTypeParameters>,,2</ownDataTypeParameters>
</Attribute>
<Attribute name="cnumber" id="6B3B1014-E33F-C51D-89A1-6D34B7934C76">
<createdBy>Administrator</createdBy>
<createdTime>2017-09-03 00:22:33 UTC</createdTime>
<comment>competitor number</comment>
<generatorID>0E1B2484-CC92-6FB0-7BE2-425F5D5BC79C</generatorID>
<ownerDesignName>work</ownerDesignName>
<engineerTo>
<item key="93C5B731-2A84-78CC-5FAC-DDA245CA99A1" value="true"/>
</engineerTo>
<referedAttribute>F7F35E05-C256-1753-6465-7A9FBACA8A7B</referedAttribute>
<useDomainConstraints>false</useDomainConstraints>
<use>1</use>
<logicalDatatype>LOGDT024</logicalDatatype>
<dataTypeSize>6 CHAR</dataTypeSize>
<ownDataTypeParameters>,,</ownDataTypeParameters>
</Attribute>
<Attribute name="vnumber" id="FFBA39B8-FEFA-CE92-F779-D89BBEA978AF">
<createdBy>Administrator</createdBy>
<createdTime>2017-09-03 00:27:17 UTC</createdTime>
<comment>volunteer&apos;s number</comment>
<generatorID>A0AB3F17-5BAE-722E-5DBB-DA70586580F5</generatorID>
<ownerDesignName>work</ownerDesignName>
<engineerTo>
<item key="93C5B731-2A84-78CC-5FAC-DDA245CA99A1" value="true"/>
</engineerTo>
<referedAttribute>03AE8394-ADCA-EB3B-3082-193518B398D4</referedAttribute>
<useDomainConstraints>false</useDomainConstraints>
<use>1</use>
<logicalDatatype>LOGDT024</logicalDatatype>
<dataTypeSize>10 CHAR</dataTypeSize>
<ownDataTypeParameters>,,</ownDataTypeParameters>
</Attribute>
</attributes>
<identifiers itemClass="oracle.dbtools.crest.model.design.logical.CandidateKey">
<identifier id="CD32E9F4-DF6C-33A0-9C54-D2235260C6BF" name="ORDER PK">
<createdBy>Administrator</createdBy>
<createdTime>2017-09-03 00:01:42 UTC</createdTime>
<ownerDesignName>work</ownerDesignName>
<shouldEngineer>false</shouldEngineer>
<engineerTo>
<item key="93C5B731-2A84-78CC-5FAC-DDA245CA99A1" value="false"/>
</engineerTo>
<pk>true</pk>
<usedAttributes>
<attributeRef>BAFFD7D3-4C1B-1AC8-5296-F83DCD73CB41</attributeRef>
</usedAttributes>
</identifier>
</identifiers>
</Entity>