<?xml version = '1.0' encoding = 'UTF-8'?>
<FKIndexAssociation class="oracle.dbtools.crest.model.design.relational.FKIndexAssociation" directorySegmentName="seg_0" id="1D126E9A-7CFB-6425-B621-8BC469185A68" containerWithKeyObject="23302D74-FE42-6650-5594-B015E2321B60" localFKIndex="F7E59A29-D048-0EB5-EC6B-C9EBC6EA003A" name="Event_Carnival_FK">
<createdBy>Administrator</createdBy>
<createdTime>2017-09-02 11:11:47 UTC</createdTime>
<generatorID>88F9CABF-5471-752B-4627-D7BBC6E19A39</generatorID>
<ownerDesignName>solution</ownerDesignName>
<referredTableLongName>Carnival</referredTableLongName>
<deleteRule>NO ACTION</deleteRule>
<referredTableID>47A3FF0B-5924-05A3-60A1-84E166F3FD28</referredTableID>
<keyObject>022F14E7-917B-D1D6-6BE8-0119D50D5544</keyObject>
<referredKeyID>022F14E7-917B-D1D6-6BE8-0119D50D5544</referredKeyID>
<mandatory>true</mandatory>
<refColNames>date</refColNames>
<transferable>true</transferable>
<rely>false</rely>
<columnDependencyConstraintGenerateInDDL>true</columnDependencyConstraintGenerateInDDL>
</FKIndexAssociation>