<?xml version = '1.0' encoding = 'UTF-8'?>
<FKIndexAssociation class="oracle.dbtools.crest.model.design.relational.FKIndexAssociation" directorySegmentName="seg_0" id="6C7C6A99-88D1-B54A-4085-9B124216C6F9" containerWithKeyObject="C963B288-AAA9-5617-8615-34275959696B" localFKIndex="917436B1-5B40-B375-420C-AD3B8A9D3830" name="Merchandise_Item_FK">
<createdBy>Administrator</createdBy>
<createdTime>2017-09-03 02:47:22 UTC</createdTime>
<generatorID>FF5E1347-9457-11DD-9BB8-0B3BDBEE6617</generatorID>
<ownerDesignName>solution</ownerDesignName>
<referredTableLongName>Item</referredTableLongName>
<deleteRule>NO ACTION</deleteRule>
<referredTableID>A209ED16-83D3-5941-C854-25F62CE8B26D</referredTableID>
<keyObject>AC0A8C96-16D8-41FB-37D6-3D872928F967</keyObject>
<referredKeyID>AC0A8C96-16D8-41FB-37D6-3D872928F967</referredKeyID>
<mandatory>true</mandatory>
<refColNames>item_code</refColNames>
<transferable>true</transferable>
<rely>false</rely>
<columnDependencyConstraintGenerateInDDL>true</columnDependencyConstraintGenerateInDDL>
</FKIndexAssociation>