<?xml version = '1.0' encoding = 'UTF-8'?>
<FKIndexAssociation class="oracle.dbtools.crest.model.design.relational.FKIndexAssociation" directorySegmentName="seg_0" id="83830F41-D395-5D64-C6F1-B95F8A676428" containerWithKeyObject="234D9427-9529-2756-6F0C-BF5B24935DBE" localFKIndex="8EE78AC8-64EF-9BC4-AA67-2C570DBF1302" name="Competitor_Entry_FK">
<createdBy>Administrator</createdBy>
<createdTime>2017-09-02 11:11:47 UTC</createdTime>
<generatorID>9C0B1CC9-4129-DF10-2AE5-DA69CDE524DF</generatorID>
<ownerDesignName>solution</ownerDesignName>
<referredTableLongName>Entry</referredTableLongName>
<deleteRule>NO ACTION</deleteRule>
<referredTableID>0CDBB8EA-D754-B348-736F-0E0AECD956FF</referredTableID>
<keyObject>55CEC1BB-DE74-D84A-718B-CEED2999B01B</keyObject>
<referredKeyID>55CEC1BB-DE74-D84A-718B-CEED2999B01B</referredKeyID>
<mandatory>true</mandatory>
<refColNames>competitor_number</refColNames>
<transferable>true</transferable>
<rely>false</rely>
<columnDependencyConstraintGenerateInDDL>true</columnDependencyConstraintGenerateInDDL>
</FKIndexAssociation>