<?xml version = '1.0' encoding = 'UTF-8'?>
<FKIndexAssociation class="oracle.dbtools.crest.model.design.relational.FKIndexAssociation" directorySegmentName="seg_0" id="88FA81B1-A577-8ED2-F9BA-016422DC57BE" containerWithKeyObject="0CDBB8EA-D754-B348-736F-0E0AECD956FF" localFKIndex="6C91580E-27BD-635A-FDE7-54D76D383DC7" name="Entry_Event_FK">
<createdBy>Administrator</createdBy>
<createdTime>2017-09-02 11:11:47 UTC</createdTime>
<generatorID>E5A20323-5FDE-D6E8-2BC6-F1CA4D627521</generatorID>
<ownerDesignName>solution</ownerDesignName>
<referredTableLongName>Event</referredTableLongName>
<deleteRule>NO ACTION</deleteRule>
<referredTableID>23302D74-FE42-6650-5594-B015E2321B60</referredTableID>
<keyObject>7DF653A7-9F04-494D-4405-94BD377058C3</keyObject>
<referredKeyID>7DF653A7-9F04-494D-4405-94BD377058C3</referredKeyID>
<mandatory>true</mandatory>
<refColNames>event_name</refColNames>
<transferable>true</transferable>
<rely>false</rely>
<columnDependencyConstraintGenerateInDDL>true</columnDependencyConstraintGenerateInDDL>
</FKIndexAssociation>