<?xml version = '1.0' encoding = 'UTF-8'?>
<FKIndexAssociation class="oracle.dbtools.crest.model.design.relational.FKIndexAssociation" directorySegmentName="seg_0" id="E1EB516F-6E8D-3CA0-CC67-97D2E5A1D1D0" containerWithKeyObject="486E1525-CAE0-59AA-AF45-AC5944572F5B" localFKIndex="8D8AF05E-DA16-95D9-9E89-732DC69C42BE" name="Sponsor_Carnival_FK">
<createdBy>Administrator</createdBy>
<createdTime>2017-09-02 11:11:47 UTC</createdTime>
<generatorID>E68BE080-BCF0-B180-F954-90FC671FEA3C</generatorID>
<ownerDesignName>solution</ownerDesignName>
<referredTableLongName>Carnival</referredTableLongName>
<deleteRule>NO ACTION</deleteRule>
<referredTableID>47A3FF0B-5924-05A3-60A1-84E166F3FD28</referredTableID>
<keyObject>022F14E7-917B-D1D6-6BE8-0119D50D5544</keyObject>
<referredKeyID>022F14E7-917B-D1D6-6BE8-0119D50D5544</referredKeyID>
<mandatory>true</mandatory>
<refColNames>date</refColNames>
<transferable>true</transferable>
<rely>false</rely>
<columnDependencyConstraintGenerateInDDL>true</columnDependencyConstraintGenerateInDDL>
</FKIndexAssociation>