<?xml version = '1.0' encoding = 'UTF-8'?>
<FKIndexAssociation class="oracle.dbtools.crest.model.design.relational.FKIndexAssociation" directorySegmentName="seg_0" id="F61BF0A7-3546-8329-CE2F-320645B81BA6" containerWithKeyObject="C963B288-AAA9-5617-8615-34275959696B" localFKIndex="A38EE092-AC85-DAD5-BA15-ECB1EDB7D363" name="Merchandise_Order_FKv2">
<createdBy>Administrator</createdBy>
<createdTime>2017-09-03 02:47:22 UTC</createdTime>
<generatorID>6AD1CA19-CE7C-604B-AAC8-7AE80B52AEA2</generatorID>
<ownerDesignName>solution</ownerDesignName>
<referredTableLongName>Order</referredTableLongName>
<deleteRule>NO ACTION</deleteRule>
<referredTableID>547924E2-2199-7111-FF7C-7464DF77C46F</referredTableID>
<keyObject>EECEB8C8-BB3C-3C73-B4B0-3E8EFABDACD2</keyObject>
<referredKeyID>EECEB8C8-BB3C-3C73-B4B0-3E8EFABDACD2</referredKeyID>
<mandatory>true</mandatory>
<refColNames>order_number</refColNames>
<transferable>true</transferable>
<rely>false</rely>
<columnDependencyConstraintGenerateInDDL>true</columnDependencyConstraintGenerateInDDL>
</FKIndexAssociation>